Rank,Coin,Symbol,Market Cap,Price
1,Bitcoin,BTC,"
$160,572,147,215
",$9037.88
2,Ethereum,ETH,"
$28,065,435,506
",$263.41
3,XRP,XRP,"
$18,016,980,569
",$0.423910
4,Litecoin,LTC,"
$8,293,434,109
",$133.16
5,Bitcoin Cash,BCH,"
$7,286,527,140
",$408.32
6,EOS,EOS,"
$6,190,056,675
",$6.73
7,Binance Coin,BNB,"
$4,822,921,766
",$34.16
8,Bitcoin SV,BSV,"
$3,928,107,597
",$220.15
9,Tether,USDT,"
$3,540,637,968
",$1.00
10,Stellar,XLM,"
$2,404,266,990
",$0.123874
11,Cardano,ADA,"
$2,310,552,179
",$0.089117
12,TRON,TRX,"
$2,178,281,825
",$0.032667
13,Monero,XMR,"
$1,637,537,364
",$96.05
14,Dash,DASH,"
$1,397,756,755
",$157.55
15,Cosmos,ATOM,"
$1,245,052,519
",$6.53
16,IOTA,MIOTA,"
$1,195,496,105
",$0.430107
17,NEO,NEO,"
$956,920,985
",$13.57
18,Ethereum Classic,ETC,"
$934,610,688
",$8.40
19,Tezos,XTZ,"
$809,647,591
",$1.23
20,NEM,XEM,"
$771,327,487
",$0.085703
21,Zcash,ZEC,"
$741,041,973
",$109.24
22,Maker,MKR,"
$720,891,030
",$720.89
23,Ontology,ONT,"
$715,219,840
",$1.45
24,Chainlink,LINK,"
$631,650,417
",$1.80
25,Bitcoin Gold,BTG,"
$467,694,376
",$26.70
26,Crypto.com Chain,CRO,"
$461,447,067
",$0.065135
27,Basic Attenti...,BAT,"
$432,417,739
",$0.340771
28,VeChain,VET,"
$406,456,641
",$0.007330
29,Dogecoin,DOGE,"
$375,404,658
",$0.003129
30,USD Coin,USDC,"
$342,136,149
",$1.00
31,Qtum,QTUM,"
$340,929,555
",$3.56
32,OmiseGO,OMG,"
$285,669,247
",$2.04
33,Decred,DCR,"
$285,151,972
",$28.65
34,BitTorrent,BTT,"
$279,525,884
",$0.001318
35,Lisk,LSK,"
$238,735,033
",$2.03
36,Bitcoin Diamond,BCD,"
$237,611,799
",$1.27
37,Waves,WAVES,"
$236,729,119
",$2.37
38,TrueUSD,TUSD,"
$232,494,536
",$1.00
39,Holo,HOT,"
$231,634,693
",$0.001739
40,Ravencoin,RVN,"
$231,212,688
",$0.061021
41,Pundi X,NPXS,"
$202,261,767
",$0.000854
42,Nano,NANO,"
$201,765,459
",$1.51
43,0x,ZRX,"
$201,233,120
",$0.336654
44,Augur,REP,"
$197,525,243
",$17.96
45,Zilliqa,ZIL,"
$197,362,094
",$0.022718
46,Bytom,BTM,"
$190,376,024
",$0.189901
47,Aurora,AOA,"
$187,435,910
",$0.028650
48,Bytecoin,BCN,"
$183,390,584
",$0.000996
49,Komodo,KMD,"
$175,899,123
",$1.54
50,Huobi Token,HT,"
$171,930,591
",$3.44
51,ICON,ICX,"
$169,000,390
",$0.356988
52,Paxos Standar...,PAX,"
$168,260,428
",$1.00
53,BitShares,BTS,"
$167,588,691
",$0.061442
54,DigiByte,DGB,"
$155,025,680
",$0.012996
55,MonaCoin,MONA,"
$146,225,760
",$2.22
56,GXChain,GXC,"
$145,188,397
",$2.42
57,Qubitica,QBIT,"
$144,702,575
",$51.52
58,IOST,IOST,"
$144,668,614
",$0.012042
59,KuCoin Shares,KCS,"
$141,150,560
",$1.57
60,Verge,XVG,"
$140,941,184
",$0.008935
61,Metaverse ETP,ETP,"
$140,707,559
",$1.96
62,Aeternity,AE,"
$137,829,268
",$0.510253
63,Dent,DENT,"
$131,243,746
",$0.001822
64,Steem,STEEM,"
$129,445,933
",$0.408054
65,Siacoin,SC,"
$127,355,681
",$0.003095
66,HyperCash,HC,"
$123,412,211
",$2.84
67,SOLVE,SOLVE,"
$121,585,729
",$0.373970
68,ThoreCoin,THR,"
$119,402,867
",$1377.42
69,THETA,THETA,"
$114,165,500
",$0.131149
70,Ardor,ARDR,"
$109,980,648
",$0.110091
71,Enjin Coin,ENJ,"
$108,435,613
",$0.140542
72,HedgeTrade,HEDG,"
$107,973,588
",$0.375473
73,aelf,ELF,"
$99,831,171
",$0.201545
74,Crypto.com,MCO,"
$97,433,701
",$6.17
75,Insight Chain,INB,"
$97,118,379
",$0.277558
76,Status,SNT,"
$96,251,861
",$0.027734
77,Zcoin,XZC,"
$95,891,140
",$12.39
78,Stratis,STRAT,"
$95,526,894
",$0.961301
79,Mixin,XIN,"
$95,395,041
",$211.88
80,ABBC Coin,ABBC,"
$91,515,856
",$0.181191
81,Golem,GNT,"
$90,598,348
",$0.094019
82,WAX,WAX,"
$89,071,395
",$0.094473
83,VestChain,VEST,"
$87,606,643
",$0.012377
84,Dai,DAI,"
$83,712,174
",$0.984107
85,TrueChain,TRUE,"
$80,817,160
",$1.02
86,Nash Exchange,NEX,"
$79,498,827
",$2.20
87,Waltonchain,WTC,"
$75,447,811
",$1.81
88,Nebulas,NAS,"
$74,107,930
",$1.52
89,Grin,GRIN,"
$72,512,271
",$5.46
90,Maximine Coin,MXM,"
$72,447,604
",$0.043934
91,ODEM,ODE,"
$71,809,956
",$0.312314
92,Egretia,EGT,"
$71,269,384
",$0.017129
93,Project Pai,PAI,"
$71,197,899
",$0.049007
94,CRYPTO20,C20,"
$70,854,890
",$1.75
95,MaidSafeCoin,MAID,"
$70,733,629
",$0.156299
96,Energi,NRG,"
$70,557,616
",$4.11
97,Horizen,ZEN,"
$70,250,475
",$10.49
98,NULS,NULS,"
$69,411,904
",$0.977681
99,Santiment Net...,SAN,"
$64,374,081
",$1.03
100,Loom Network,LOOM,"
$62,840,487
",$0.079138
101,ReddCoin,RDD,"
$62,474,318
",$0.002169
102,Clipper Coin,CCCX,"
$62,093,648
",$0.016446
103,Ark,ARK,"
$61,853,136
",$0.547599
104,Loopring,LRC,"
$61,766,019
",$0.065383
105,Decentraland,MANA,"
$58,914,781
",$0.056102
106,Factom,FCT,"
$57,710,028
",$5.99
107,Thunder Token,TT,"
$57,671,750
",$0.019874
108,Elastos,ELA,"
$57,057,165
",$3.66
109,Populous,PPT,"
$56,850,136
",$1.07
110,DigixDAO,DGD,"
$56,652,807
",$28.33
111,Orbs,ORBS,"
$56,079,918
",$0.034298
112,Nexo,NEXO,"
$55,733,965
",$0.099525
113,Revain,R,"
$54,684,668
",$0.112880
114,Ignis,IGNIS,"
$54,209,300
",$0.071221
115,WaykiChain,WICC,"
$54,190,624
",$0.286723
116,Electroneum,ETN,"
$53,728,119
",$0.005580
117,Celer Network,CELR,"
$52,891,114
",$0.019275
118,NEXT,NET,"
$52,691,345
",$1.05
119,Fusion,FSN,"
$52,427,995
",$1.60
120,Aion,AION,"
$50,539,010
",$0.158707
121,IoT Chain,ITC,"
$49,838,547
",$0.650243
122,Fantom,FTM,"
$49,809,320
",$0.027463
123,QASH,QASH,"
$48,562,469
",$0.138750
124,Lambda,LAMB,"
$48,557,360
",$0.097115
125,Power Ledger,POWR,"
$48,326,529
 ",$0.118241
126,Matic Network,MATIC,"
$48,140,226
",$0.022286
127,EDUCare,EKT,"
$47,838,179
",$0.069027
128,IPChain,IPC,"
$47,082,067
",$0.606709
129,Theta Fuel,TFUEL,"
$45,803,463
",$0.011933
130,Digitex Futures,DGTX,"
$45,392,057
",$0.060377
131,Ether Zero,ETZ,"
$45,204,716
",$0.277624
132,Bancor,BNT,"
$45,141,633
",$0.738504
133,Wanchain,WAN,"
$44,305,183
",$0.417373
134,Japan Content...,JCT,"
$43,933,213
",$0.149866
135,QuarkChain,QKC,"
$43,898,045
",$0.020768
136,PIVX,PIVX,"
$43,679,878
",$0.769267
137,Kyber Network,KNC,"
$43,678,269
",$0.262562
138,Buggyra Coin ...,BCZERO,"
$42,795,722
",$0.021283
139,Newton,NEW,"
$42,289,351
",$0.003539
140,Enigma,ENG,"
$42,245,472
",$0.564506
141,MOAC,MOAC,"
$41,120,181
",$0.658309
142,Metadium,META,"
$41,086,231
",$0.032990
143,Polymath,POLY,"
$40,837,376
",$0.096107
144,Quant,QNT,"
$40,752,151
",$4.17
145,Arcblock,ABT,"
$40,633,640
",$0.412297
146,CyberMiles,CMT,"
$39,360,855
",$0.049201
147,FunFair,FUN,"
$39,051,244
",$0.005963
148,Storj,STORJ,"
$38,278,196
",$0.281898
149,Bread,BRD,"
$37,948,912
",$0.427671
150,Ecoreal Estate,ECOREAL,"
$37,934,651
",$0.181297
151,IoTeX,IOTX,"
$37,592,180
",$0.010741
152,Cortex,CTXC,"
$37,589,570
 ",$0.250944
153,Nxt,NXT,"
$36,743,407
",$0.036780
154,TomoChain,TOMO,"
$35,789,460
",$0.594590
155,STASIS EURS,EURS,"
$35,703,586
",$1.12
156,Ren,REN,"
$34,900,313
",$0.046897
157,Mithril,MITH,"
$32,523,080
",$0.057120
158,Syscoin,SYS,"
$32,324,730
",$0.058225
159,Groestlcoin,GRS,"
$31,707,427
",$0.435663
160,Gas,GAS,"
$31,591,041
",$3.12
161,CasinoCoin,CSC,"
$30,878,706
",$0.000796
162,iExec RLC,RLC,"
$30,765,567
",$0.384230
163,UGAS,UGAS,"
$30,583,628
",$0.179145
164,Cosmo Coin,COSM,"
$30,025,040
",$0.044761
165,Eidoo,EDO,"
$29,998,849
",$1.03
166,RIF Token,RIF,"
$29,586,735
",$0.066048
167,Beam,BEAM,"
$29,167,630
",$1.24
168,Veritaseum,VERI,"
$28,864,690
",$13.43
169,Cred,LBA,"
$28,765,124
",$0.053042
170,Bibox Token,BIX,"
$28,666,958
",$0.261967
171,Civic,CVC,"
$28,357,258
",$0.082747
172,MediBloc [ERC20],MEDX,"
$28,304,291
",$0.008392
173,LINA,LINA,"
$28,222,012
",$0.117736
174,TenX,PAY,"
$27,889,140
",$0.243897
175,#MetaHash,MHC,"
$27,599,267
",$0.022719
176,Vertcoin,VTC,"
$26,725,965
",$0.534820
177,Metal,MTL,"
$26,641,891
",$0.590915
178,INO COIN,INO,"
$26,582,601
",$1.33
179,LTO Network,LTO,"
$26,547,847
",$0.145523
180,Mainframe,MFT,"
$26,413,041
",$0.003230
181,Unobtanium,UNO,"
$26,249,942
",$130.89
182,Cindicator,CND,"
$26,236,662
",$0.018145
183,SingularityNET,AGI,"
$25,725,440
",$0.047669
184,Synthetix Net...,SNX,"
$25,681,560
",$0.233626
185,Einsteinium,EMC2,"
$25,655,401
",$0.117298
186,Skycoin,SKY,"
$25,159,567
",$1.68
187,Obyte,GBYTE,"
$25,079,655
",$35.65
188,Hyperion,HYN,"
$24,994,745
",$0.078906
189,BHPCoin,BHP,"
$24,875,470
",$1.53
190,Gnosis,GNO,"
$24,686,639
",$22.35
191,Quantum Resis...,QRL,"
$23,742,086
",$0.347590
192,NKN,NKN,"
$23,545,903
",$0.067274
193,Apollo Currency,APL,"
$23,434,919
",$0.001596
194,Contents Prot...,CPT,"
$23,367,415
",$0.010036
195,IRISnet,IRIS,"
$22,738,988
",$0.069658
196,Everipedia,IQ,"
$22,582,211
",$0.005011
197,Dynamic Tradi...,DTR,"
$22,537,199
",$0.017724
198,BnkToTheFuture,BFT,"
$22,376,168
",$0.030653
199,Nexus,NXS,"
$22,288,366
",$0.351930
200,Robotina,ROX,"
$22,169,247
",$0.074731
201,High Performa...,HPB,"
$22,161,336
",$0.508055
202,Gold Bits Coin,GBC,"
$21,940,936
",$0.207051
203,Davinci Coin,DAC,"
$21,867,908
",$0.006071
204,BOScoin,BOS,"
$21,598,018
",$0.035312
205,Ankr Network,ANKR,"
$21,300,791
",$0.009488
206,PLATINCOIN,PLC,"
$21,287,954
",$30.41
207,UTRUST,UTK,"
$21,251,720
",$0.047226
208,Particl,PART,"
$21,114,986
",$2.62
209,TTC Protocol,TTC,"
$21,102,174
",$0.106831
210,Telcoin,TEL,"
$21,001,467
",$0.000565
211,PressOne,PRS,"
$20,877,281
",$0.073320
212,BTU Protocol,BTU,"
$20,529,113
",$0.293228
213,ProximaX,XPX,"
$20,384,395
",$0.003343
214,Gemini Dollar,GUSD,"
$20,023,026
",$0.988508
215,Gifto,GTO,"
$19,986,817
",$0.033079
216,Everex,EVX,"
$19,682,484
",$0.870906
217,DAPS Token,DAPS,"
$19,587,155
",$0.000372
218,Aragon,ANT,"
$19,456,768
",$0.633635
219,Storm,STORM,"
$19,413,642
",$0.003288
220,BitKan,KAN,"
$19,251,875
",$0.004752
221,Moeda Loyalty...,MDA,"
$19,250,041
",$0.980700
222,TOP,TOP,"
$19,189,851
",$0.007179
223,Pirate Chain,ARRR,"
$19,172,108
",$0.185895
224,Dragonchain,DRGN,"
$18,919,141
",$0.079352
225,botXcoin,BOTX,"
$18,901,750
",$0.010880
226,SaluS,SLS,"
$18,879,915
",$18.65
227,Noah Coin,NOAH,"
$18,613,941
",$0.000569
228,Raiden Networ...,RDN,"
$18,575,857
",$0.367156
229,Lightning Bit...,LBTC,"
$18,534,966
",$4.80
230,Aergo,AERGO,"
$18,328,493
",$0.176346
231,ILCoin,ILC,"
$17,862,313
",$0.060081
232,Humanscape,HUM,"
$17,653,715
",$0.000478
233,Odyssey,OCN,"
$17,578,145
",$0.002470
234,Cajutel,CAJ,"
$17,559,458
",$12.99
235,Neblio,NEBL,"
$17,453,641
",$1.20
236,Crypterium,CRPT,"
$17,301,725
",$0.206044
237,Po.et,POE,"
$17,285,181
",$0.005502
238,Bitcoiin,B2G,"
$17,240,176
",$0.332883
239,OST,OST,"
$17,148,969
",$0.026886
240,Request,REQ,"
$17,125,717
",$0.023463
241,Fetch,FET,"
$16,987,132
",$0.208323
242,S4FE,S4F,"
$16,568,432
",$0.067292
243,Tael,WABI,"
$16,518,210
",$0.292643
244,GoChain,GO,"
$16,431,736
",$0.022437
245,Streamr DATAcoin,DATA,"
$16,342,227
",$0.024134
246,Achain,ACT,"
$16,278,660
",$0.018277
247,Quantstamp,QSP,"
$16,265,957
",$0.026350
248,OneRoot Network,RNT,"
$16,092,891
",$0.056650
249,Endor Protocol,EDR,"
$16,055,963
",$0.021186
250,NavCoin,NAV,"
$15,704,151
",$0.240113
251,Ripio Credit ...,RCN,"
$15,625,239
",$0.031212
252,HYCON,HYC,"
$15,620,358
",$0.008125
253,Moss Coin,MOC,"
$15,400,356
",$0.054565
254,Function X,FX,"
$15,359,501
",$0.619797
255,Kin,KIN,"
$15,337,002
",$0.000020
256,VeriBlock,VBK,"
$15,247,291
",$0.032383
257,OAX,OAX,"
$15,041,776
",$0.222413
258,Genesis Vision,GVT,"
$14,981,111
",$3.38
259,PlayChip,PLA,"
$14,973,538
",$0.001069
260,Everus,EVR,"
$14,905,922
",$0.032654
261,VITE,VITE,"
$14,853,471
",$0.035777
262,BOLT,BOLT,"
$14,732,361
",$0.028706
263,Time New Bank,TNB,"
$14,680,786
",$0.005333
264,Data Transact...,XD,"
$14,602,826
",$0.075861
265,Red Pulse Pho...,PHX,"
$14,586,559
",$0.017583
266,SmartCash,SMART,"
$14,493,105
",$0.010251
267,TokenClub,TCT,"
$14,472,186
",$0.030061
268,Ruff,RUFF,"
$14,352,499
",$0.014638
269,CWV Chain,CWV,"
$14,329,637
",$0.004158
270,Wixlar,WIX,"
$14,293,812
",$0.013855
271,Clams,CLAM,"
$14,289,728
",$3.92
272,Bitcore,BTX,"
$14,285,293
",$0.834582
273,Aeon,AEON,"
$14,285,005
",$0.902318
274,Bit-Z Token,BZ,"
$13,872,336
",$0.127820
275,Dentacoin,DCN,"
$13,863,702
",$0.000043
276,Tierion,TNT,"
$13,849,324
",$0.032322
277,FOAM,FOAM,"
$13,575,285
",$0.048238
278,Blocknet,BLOCK,"
$13,570,333
",$2.31
279,Credits,CS,"
$13,530,448
",$0.083730
280,WhiteCoin,XWC,"
$13,398,348
",$0.053554
281,SIRIN LABS Token,SRN,"
$13,317,672
",$0.027078
282,Bluzelle,BLZ,"
$13,253,870
",$0.064015
283,Tripio,TRIO,"
$13,173,946
",$0.003594
284,Spectrecoin,XSPEC,"
$13,001,815
",$0.579263
285,U Network,UUU,"
$12,848,749
",$0.001897
286,DATA,DTA,"
$12,727,008
",$0.001428
287,TokenPay,TPAY,"
$12,654,506
",$0.786194
288,MediShares,MDS,"
$12,600,721
",$0.011802
289,Nucleus Vision,NCASH,"
$12,590,010
",$0.002174
290,Bezant,BZNT,"
$12,542,197
",$0.021121
291,Viacoin,VIA,"
$12,501,067
",$0.540112
292,Cube,AUTO,"
$12,478,373
",$0.001842
293,Matrix AI Net...,MAN,"
$12,448,111
",$0.082987
294,SmartMesh,SMT,"
$12,411,195
",$0.008779
295,Insolar,INS,"
$12,341,376
",$0.379735
296,Spendcoin,SPND,"
$12,302,133
",$0.034938
297,PumaPay,PMA,"
$12,231,773
",$0.000540
298,FLO,FLO,"
$12,044,146
",$0.079560
299,Nectar,NEC,"
$11,867,075
",$0.144100
300,Metronome,MET,"
$11,852,180
",$1.28
301,Propy,PRO,"
$11,851,925
",$0.227459
302,DxChain Token,DX,"
$11,765,479
",$0.000278
303,Ethos,ETHOS,"
$11,679,396
",$0.119639
304,Pepe Cash,PEPECASH,"
$11,629,434
",$0.016569
305,AdEx,ADX,"
$11,623,289
",$0.158289
306,DMarket,DMT,"
$11,587,085
",$0.226848
307,ETHLend,LEND,"
$11,582,325
",$0.010384
308,Wagerr,WGR,"
$11,582,031
",$0.063347
309,VIBE,VIBE,"
$11,437,508
",$0.043967
310,ZClassic,ZCL,"
$11,365,793
",$1.66
311,BitCapitalVendor,BCV,"
$11,272,468
",$0.013435
312,DigitalNote,XDN,"
$11,258,541
",$0.001625
313,BLOCKv,VEE,"
$11,256,718
",$0.004229
314,THEKEY,TKY,"
$11,233,652
",$0.002220
315,IHT Real Esta...,IHT,"
$11,185,893
",$0.016533
316,LGO Exchange,LGO,"
$11,088,069
",$0.084807
317,Emercoin,EMC,"
$11,061,465
",$0.251142
318,Vitae,VITAE,"
$10,970,710
",$0.664715
319,Smartlands,SLT,"
$10,950,446
",$2.15
320,Numeraire,NMR,"
$10,902,793
",$8.08
321,bitCNY,BITCNY,"
$10,695,715
",$0.143906
322,Scry.info,DDD,"
$10,661,071
",$0.024227
323,Zipper,ZIP,"
$10,655,477
",$0.000658
324,Linda,LINDA,"
$10,567,172
",$0.000808
325,SingularDTV,SNGLS,"
$10,492,348
",$0.017487
326,district0x,DNT,"
$10,386,340
",$0.017311
327,Content Value...,CVNT,"
$10,386,182
",$0.023557
328,XYO,XYO,"
$10,350,039
",$0.001248
329,BOX Token,BOX,"
$10,320,784
",$0.103545
330,BOMB,BOMB,"
$10,312,893
",$10.72
331,EDC Blockchain,EDC,"
$10,296,025
",$0.003855
332,Swarm,SWM,"
$10,292,283
",$0.120482
333,Electra,ECA,"
$10,284,618
",$0.000360
334,TaaS,TAAS,"
$10,232,407
",$1.26
335,Peercoin,PPC,"
 $10,150,928
",$0.399138
336,IDEX,IDEX,"
$10,117,772
",$0.050062
337,Kcash,KCASH,"
$10,109,961
",$0.022694
338,Agrello,DLT,"
$10,107,762
",$0.117561
339,APIS,APIS,"
$10,071,769
",$0.001804
340,SONM,SNM,"
$10,061,674
",$0.027980
341,Asch,XAS,"
$10,031,496
",$0.107455
342,B2BX,B2B,"
$9,980,473
",$0.601609
343,Dropil,DROP,"
$9,922,655
",$0.000437
344,Tokenomy,TEN,"
$9,895,796
",$0.049479
345,Edgeless,EDG,"
$9,793,420
",$0.083671
346,CyberVein,CVT,"
$9,789,003
",$0.009231
347,AgaveCoin,AGVC,"
$9,662,103
",$0.024735
348,Own,CHX,"
$9,652,600
",$0.121550
349,Blackmoon,BMC,"
$9,626,227
",$0.240656
350,LockTrip,LOC,"
$9,602,169
",$0.642193
351,YOYOW,YOYOW,"
$9,597,235
",$0.031991
352,Internet Node...,INT,"
$9,590,624
",$0.033890
353,Monetha,MTH,"
$9,587,603
",$0.028071
354,DeepBrain Chain,DBC,"
$9,472,491
",$0.002960
355,ParkinGo,GOT,"
$9,436,043
",$0.700130
356,AppCoins,APPC,"
$9,422,564
",$0.094174
357,Envion,EVN,"
$9,248,197
",$0.083041
358,All Sports,SOC,"
$9,185,733
",$0.006124
359,1irstcoin,FST,"
$9,176,275
",$1.50
360,Blue Whale EX...,BWX,"
$9,169,315
",$0.151702
361,Burst,BURST,"
$9,169,024
",$0.004480
362,Selfkey,KEY,"
$9,141,482
",$0.003187
363,Steem Dollars,SBD,"
$9,091,065
",$1.02
364,PRIZM,PZM,"
$9,018,250
",$0.171767
365,BitNewChain,BTN,"
$9,015,278
",$0.050168
366,Aeron,ARN,"
$8,988,843
",$0.460258
367,Game.com,GTC,"
$8,969,762
",$0.011780
368,Refereum,RFR,"
$8,942,366
",$0.002355
369,Incent,INCNT,"
$8,926,582
",$0.193986
370,Namecoin,NMC,"
$8,903,043
",$0.604153
371,QLC Chain,QLC,"
$8,873,572
",$0.036973
372,ZrCoin,ZRC,"
$8,804,248
",$1.94
373,SwftCoin,SWFTC,"
$8,778,436
",$0.002412
374,STEM CELL COIN,SCC,"
$8,774,875
",$0.027365
375,Viberate,VIB,"
$8,759,396
",$0.046709
376,Sentinel Prot...,UPP,"
$8,742,635
",$0.029550
377,Stakenet,XSN,"
$8,741,363
",$0.102923
378,Artfinity,AT,"
$8,693,981
",$0.092632
379,Lympo,LYM,"
$8,643,842
",$0.010456
380,MediBloc [QRC20],MED,"
$8,625,697
",$0.002908
381,COVA,COVA,"
$8,585,075
",$0.005010
382,Blox,CDT,"
$8,458,282
",$0.012539
383,PCHAIN,PI,"
$8,447,955
",$0.015563
384,POA Network,POA,"
$8,434,600
",$0.034850
385,Substratum,SUB,"
$8,417,409
",$0.021976
386,Rubycoin,RBY,"
$8,398,675
",$0.310534
387,Ubiq,UBQ,"
$8,332,298
",$0.195552
388,SALT,SALT,"
$8,326,245
",$0.103710
389,LBRY Credits,LBC,"
$8,303,054
",$0.034543
390,Quanta Utilit...,QNTU,"
$8,248,405
",$0.000282
391,Aencoin,AEN,"
$8,241,746
",$0.031804
392,BitBay,BAY,"
$8,223,112
",$0.008124
393,WePower,WPR,"
$8,163,968
",$0.013431
394,Abyss Token,ABYSS,"
$8,142,476
",$0.035707
395,CoinUs,CNUS,"
$8,106,829
",$0.023844
396,Merculet,MVP,"
$8,063,438
",$0.003115
397,Boolberry,BBR,"
$8,021,429
",$0.611024
398,Restart Energ...,MWAT,"
$7,972,165
",$0.017608
399,NIX,NIX,"
$7,924,054
",$0.183236
400,Litex,LXT,"
$7,879,435
",$0.009609
401,MobileGo,MGO,"
$7,797,303
",$0.077975
402,smARTOFGIVING,AOG,"
$7,778,189
",$0.133773
403,eosDAC,EOSDAC,"
$7,761,935
",$0.011747
404,Trade Token X,TIOX,"
$7,755,991
",$0.090625
405,Connect Coin,XCON,"
$7,753,106
",$0.198852
406,LEOcoin,LEO,"
$7,739,152
",$0.063954
407,Pillar,PLR,"
$7,695,841
",$0.029674
408,DAOstack,GEN,"
$7,578,285
",$0.183516
409,TEMCO,TEMCO,"
$7,545,513
",$0.003351
410,BlockMason Cr...,BCPT,"
$7,425,073
",$0.063922
411,Primalbase Token,PBT,"
$7,423,345
",$5938.68
412,Etherparty,FUEL,"
$7,403,937
",$0.009291
413,Vexanium,VEX,"
$7,231,206
",$0.011336
414,Mercury,MER,"
$7,218,704
",$0.072187
415,Content Neutr...,CNN,"
$7,177,267
",$0.000184
416,Universa,UTNP,"
$7,122,760
",$0.003853
417,Hydro,HYDRO,"
$7,079,549
",$0.001588
418,SafeInsure,SINS,"
$7,066,014
",$2.43
419,AirSwap,AST,"
$7,037,665
",$0.046918
420,MIR COIN,MIR,"
$7,037,552
",$0.011350
421,Neumark,NEU,"
$7,017,029
",$0.199554
422,Counterparty,XCP,"
$6,939,613
",$2.65
423,Primecoin,XPM,"
$6,931,316
",$0.247653
424,Dock,DOCK,"
$6,925,355
",$0.014529
425,Gulden,NLG,"
$6,888,771
",$0.016046
426,Seele,SEELE,"
$6,789,349
",$0.009848
427,BlackCoin,BLK,"
$6,697,019
",$0.106588
428,Feathercoin,FTC,"
$6,646,802
",$0.027570
429,NaPoleonX,NPX,"
$6,633,147
",$0.303233
430,Ocean Protocol,OCEAN,"
$6,600,762
",$0.028108
431,SDChain,SDA,"
$6,574,375
",$0.004383
432,Sphere,SPHR,"
$6,542,114
",$0.524025
433,Jibrel Network,JNT,"
$6,510,984
",$0.038543
434,OriginTrail,TRAC,"
$6,491,089
",$0.022742
435,Ambrosus,AMB,"
$6,445,022
",$0.044574
436,CPChain,CPC,"
$6,419,484
",$0.017038
437,Fiii,FIII,"
$6,348,575
",$0.013160
438,Bottos,BTO,"
$6,322,177
",$0.011579
439,Litecoin Cash,LCC,"
$6,312,088
",$0.009968
440,Dero,DERO,"
$6,310,737
",$0.834779
441,TERA,TERA,"
$6,152,580
",$0.007284
442,adToken,ADT,"
$6,082,219
",$0.007660
443,Constellation,DAG,"
$6,072,443
",$0.004647
444,Nimiq,NIM,"
$6,070,241
",$0.001497
445,Opacity,OPQ,"
$6,006,187
",$0.049362
446,GameCredits,GAME,"
$5,970,212
",$0.085489
447,Travala.com,AVA,"
$5,964,916
",$0.151677
448,Genaro Network,GNX,"
$5,963,424
",$0.023901
449,Mobius,MOBI,"
$5,956,063
",$0.011563
450,ContentBox,BOX,"
 $5,900,347
",$0.006388
451,Pascal Coin,PASC,"
$5,900,109
",$0.220363
452,Loopring [NEO],LRN,"
$5,881,606
",$0.051773
453,Adshares,ADS,"
$5,878,455
",$0.172180
454,Global Social...,GSC,"
$5,807,648
",$0.010767
455,AMO Coin,AMO,"
$5,805,977
",$0.000647
456,Caspian,CSP,"
$5,765,653
",$0.013362
457,StableUSD,USDS,"
$5,745,127
",$1.00
458,Insureum,ISR,"
$5,706,372
",$0.027168
459,TurtleCoin,TRTL,"
$5,704,394
",$0.000123
460,Airbloc,ABL,"
$5,683,335
",$0.022519
461,DEX,DEX,"
$5,662,486
",$0.029563
462,GET Protocol,GET,"
$5,651,990
",$0.496300
463,Presearch,PRE,"
$5,635,909
",$0.036361
464,IntelliShare,INE,"
$5,606,548
",$0.034116
465,Esportbits,HLT,"
$5,557,037
",$0.278641
466,Verasity,VRA,"
$5,480,297
",$0.001262
467,ZelCash,ZEL,"
$5,471,974
",$0.081876
468,Traceability ...,TAC,"
$5,465,135
",$0.009032
469,BitTube,TUBE,"
$5,449,120
",$0.037221
470,Kore,KORE,"
$5,448,667
",$0.613934
471,QunQun,QUN,"
$5,440,079
",$0.008452
472,MultiVAC,MTV,"
 $5,399,050
",$0.006834
473,Lunyr,LUN,"
$5,392,240
",$2.35
474,Skrumble Network,SKM,"
$5,362,409
",$0.005332
475,WeShow Token,WET,"
$5,338,741
",$0.033423
476,Primas,PST,"
$5,302,793
",$0.100636
477,Ink,INK,"
$5,295,385
",$0.011415
478,eBoost,EBST,"
$5,279,506
",$0.052800
479,HalalChain,HLC,"
$5,228,973
",$0.013442
480,Ultiledger,ULT,"
$5,216,767
",$0.008397
481,Zebi,ZCO,"
$5,210,697
",$0.008337
482,Melon,MLN,"
$5,195,874
",$4.38
483,Morpheus.Network,MRPH,"
$5,190,748
",$0.163829
484,Eterbase Coin,XBASE,"
$5,159,902
",$0.008229
485,FansTime,FTI,"
$5,142,236
",$0.001804
486,V-ID,VIDT,"
$5,080,332
",$0.178838
487,Phore,PHR,"
$5,052,337
",$0.284955
488,Hydro Protocol,HOT,"
$5,048,230
",$0.007191
489,doc.com Token,MTC,"
$5,038,270
",$0.007304
490,SwissBorg,CHSB,"
$5,005,276
",$0.008692
491,Callisto Network,CLO,"
$5,004,241
",$0.002876
492,MVL,MVL,"
$4,998,005
",$0.000711
493,STACS,STACS,"
$4,988,266
",$0.009960
494,Polybius,PLBT,"
$4,970,055
",$1.25
495,FirstBlood,1ST,"
$4,953,110
",$0.057892
496,Machine Xchan...,MXC,"
$4,849,848
",$0.006066
497,Safex Token,SFT,"
$4,833,991
",$0.005055
498,MassGrid,MGD,"
$4,827,242
",$0.065672
499,SunContract,SNC,"
$4,802,066
 ",$0.039134
500,Rublix,RBLX,"
$4,776,375
",$0.229840
501,Smartshare,SSP,"
$4,711,481
",$0.001015
502,Penta,PNT,"
$4,702,482
",$0.000228
503,CanonChain,CZR,"
$4,601,844
",$0.008494
504,Measurable Da...,MDT,"
$4,567,347
",$0.008710
505,Coinsuper Eco...,CEN,"
$4,528,747
",$0.010480
506,Darico Ecosys...,DEC,"
$4,528,043
",$0.087848
507,Diamond,DMD,"
$4,515,885
",$1.39
508,BaaSid,BAAS,"
$4,515,469
",$0.001082
509,INMAX,INX,"
$4,506,001
",$1.33
510,Dignity,DIG,"
$4,490,226
",$0.008585
511,Bean Cash,BITB,"
$4,488,197
",$0.001444
512,Phantasma,SOUL,"
$4,475,329
",$0.076720
513,OKCash,OK,"
$4,471,961
",$0.059938
514,EveryCoin ,EVY,"
$4,468,910
",$0.000476
515,Divi,DIVI,"
$4,457,918
",$0.004102
516,Invictus Hype...,IHF,"
$4,417,675
",$0.036899
517,Apex,CPX,"
$4,405,704
",$0.009459
518,Stealth,XST,"
$4,377,716
",$0.135407
519,Fortuna,FOTA,"
$4,363,528
",$0.009091
520,Loki,LOKI,"
$4,341,824
",$0.106426
521,Zeepin,ZPT,"
$4,332,169
",$0.008664
522,ATN,ATN,"
$4,318,217
",$0.051223
523,Digix Gold Token,DGX,"
$4,309,735
",$42.91
524,Cryptaur,CPT,"
$4,274,857
",$0.000550
525,Shift,SHIFT,"
$4,244,346
",$0.321361
526,COSS,COSS,"
$4,237,378
",$0.035497
527,Crown,CRW,"
$4,234,209
",$0.188615
528,Wowbit,WWB,"
$4,231,583
",$0.015234
529,KickCoin,KICK,"
$4,158,334
",$0.002846
530,ChatCoin,CHAT,"
$4,119,409
",$0.005970
531,Delphy,DPY,"
$4,097,859
",$0.071872
532,Cashbery Coin,CBC,"
$4,075,608
",$0.060711
533,LinkEye,LET,"
$4,064,397
",$0.006774
534,LoyalCoin,LYL,"
$4,063,871
",$0.000759
535,Zen Protocol,ZP,"
$4,041,079
",$0.213152
536,Omnitude,ECOM,"
$4,023,761
",$0.062082
537,Wings,WINGS,"
$4,019,006
",$0.041676
538,Remme,REM,"
$4,011,653
",$0.006530
539,Ulord,UT,"
$4,010,951
",$0.041568
540,bitUSD,BITUSD,"
$4,006,469
",$0.980670
541,Polis,POLIS,"
$3,996,044
",$0.627745
542,SIX,SIX,"
$3,986,661
",$0.014562
543,XMax,XMX,"
$3,965,212
",$0.000348
544,Flowchain,FLC,"
$3,907,696
",$5.66
545,Lendingblock,LND,"
$3,880,180
",$0.005030
546,sUSD,SUSD,"
$3,859,497
",$0.941909
547,NAGA,NGC,"
$3,858,127
",$0.053991
548,DAEX,DAX,"
$3,826,304
",$0.010788
549,nOS,NOS,"
$3,825,523
",$0.037322
550,PTON,PTON,"
$3,820,614
",$0.000505
551,Morpheus Labs,MITX,"
$3,818,955
",$0.018577
552,DADI,DADI,"
$3,817,578
",$0.050726
553,QChi,QCH,"
$3,816,925
",$0.118268
554,LUXCoin,LUX,"
$3,788,003
",$0.654988
555,Radium,RADS,"
$3,726,735
",$0.994058
556,VNT Chain,VNT,"
$3,722,711
",$0.002912
557,VeriCoin,VRC,"
$3,719,208
",$0.117099
558,Hi Mutual Soc...,HMC,"
$3,712,572
",$0.009187
559,Haven Protocol,XHV,"
$3,705,077
",$0.472038
560,FNKOS,FNKOS,"
$3,698,014
",$0.023982
561,Maecenas,ART,"
$3,680,154
",$0.076119
562,Bloom,BLT,"
$3,675,038
",$0.068510
563,I/O Coin,IOC,"
$3,633,740
",$0.207624
564,CloakCoin,CLOAK,"
$3,605,794
",$0.679824
565,VINchain,VIN,"
$3,560,387
",$0.007416
566,AIDUS TOKEN,AID,"
$3,549,502
",$0.022184
567,Wibson,WIB,"
$3,530,228
",$0.001384
568,DeepOnion,ONION,"
$3,527,523
",$0.218868
569,PIBBLE,PIB,"
$3,511,845
",$0.000562
570,SpankChain,SPANK,"
$3,503,164
",$0.011676
571,DECENT,DCT,"
$3,494,042
",$0.068102
572,Safe Haven,SHA,"
$3,473,909
",$0.001156
573,ICE ROCK MINING,ROCK2,"
$3,457,069
",$0.219898
574,DecentBet,DBET,"
$3,419,588
",$0.018128
575,SPINDLE,SPD,"
$3,418,333
",$0.001082
576,Lamden,TAU,"
$3,415,788
",$0.024018
577,PACcoin,$PAC,"
$3,401,931
",$0.000478
578,ZPER,ZPR,"
$3,389,243
",$0.002665
579,Hashgard,GARD,"
$3,388,316
",$0.000068
580,EvenCoin,EVN,"
$3,366,461
",$0.141728
581,Noku,NOKU,"
$3,352,846
",$0.141012
582,SpaceChain,SPC,"
$3,349,942
",$0.006493
583,Unikoin Gold,UKG,"
$3,309,552
",$0.023011
584,Eden,EDN,"
$3,305,375
",$0.005509
585,SINOVATE,SIN,"
$3,300,822
",$0.005134
586,Olive,OLE,"
$3,296,587
",$0.011901
587,Optimal Shelf...,OSA,"
$3,269,504
",$0.002353
588,Hxro,HXRO,"
$3,263,197
",$0.047690
589,Kambria,KAT,"
$3,253,913
",$0.002644
590,Vanta Network,VNT,"
$3,253,896
",$0.001157
591,TE-FOOD,TFD,"
$3,224,534
",$0.006325
592,SelfSell,SSC,"
$3,220,697
",$0.008258
593,Cloudbric,CLB,"
$3,213,813
",$0.007938
594,Change,CAG,"
$3,199,472
",$0.101014
595,MARK.SPACE,MRK,"
$3,193,859
",$0.004182
596,TV-TWO,TTV,"
$3,179,829
",$0.007581
597,Myriad,XMY,"
$3,178,427
",$0.001896
598,HTMLCOIN,HTML,"
$3,151,975
",$0.000059
599,carVertical,CV,"
$3,114,993
",$0.000404
600,BABB,BAX,"
$3,096,809
",$0.000147
601,PolySwarm,NCT,"
$3,086,869
",$0.001996
602,Unibright,UBT,"
$3,060,340
",$0.021707
603,FintruX Network,FTX,"
$3,044,876
",$0.032051
604,Lition,LIT,"
$3,043,384
",$0.122468
605,XEL,XEL,"
$3,012,371
",$0.032859
606,Footballcoin,XFC,"
$3,011,864
",$0.008039
607,GoldCoin,GLC,"
$2,955,532
",$0.070941
608,NeoWorld Cash,NASH,"
$2,953,874
",$0.000213
609,Hiveterminal ...,HVN,"
$2,953,533
",$0.007199
610,Peerplays,PPY,"
$2,943,787
",$0.653951
611,Peculium,PCL,"
$2,935,641
",$0.001441
612,Pandacoin,PND,"
$2,935,167
",$0.000090
613,Grid+,GRID,"
$2,885,008
",$0.073529
614,CargoX,CXO,"
$2,874,896
",$0.018564
615,Gene Source C...,GENE,"
$2,858,851
",$0.007666
616,YEE,YEE,"
$2,846,877
",$0.002085
617,CanYaCoin,CAN,"
$2,843,345
",$0.057293
618,Eligma Token,ELI,"
$2,837,938
",$0.020302
619,Paragon,PRG,"
$2,816,840
",$0.043378
620,Equal,EQL,"
$2,804,534
",$0.004876
621,Internxt,INXT,"
$2,799,160
",$4.45
622,Covesting,COV,"
$2,784,598
",$0.154700
623,CVCoin,CVN,"
$2,749,045
",$0.222039
624,Bitcoin Atom,BCA,"
$2,747,453
",$0.149165
625,Xaurum,XAUR,"
$2,702,303
",$0.031189
626,ZMINE,ZMN,"
$2,664,297
",$0.015781
627,Vodi X,VDX,"
$2,640,303
",$0.011456
628,NuShares,NSR,"
$2,631,185
",$0.000947
629,RightMesh,RMESH,"
$2,630,149
",$0.038110
630,CoinPoker,CHP,"
$2,606,061
",$0.008083
631,Global Curren...,GCR,"
$2,573,569
",$0.024283
632,Chronobank,TIME,"
$2,560,216
",$3.61
633,Neurotoken,NTK,"
$2,535,417
",$0.032132
634,ugChain,UGC,"
$2,531,284
",$0.004450
635,Kleros,PNK,"
$2,490,537
",$0.011051
636,UpToken,UP,"
$2,480,829
",$0.016958
637,GridCoin,GRC,"
$2,475,622
",$0.005902
638,ATC Coin,ATCC,"
$2,463,970
",$0.007493
639,Unification,UND,"
$2,451,910
",$0.063429
640,Medicalchain,MTN,"
$2,447,694
",$0.008815
641,Ubex,UBEX,"
$2,443,783
",$0.000788
642,XinFin Network,XDCE,"
$2,442,267
",$0.000630
643,TrueFlip,TFL,"
$2,374,759
",$0.380128
644,AI Doctor,AIDOC,"
$2,338,919
",$0.005276
645,Next.exchange,NEXT,"
$2,329,186
",$0.664404
646,ADAMANT Messe...,ADM,"
$2,319,929
",$0.028395
647,YGGDRASH,YEED,"
$2,310,841
",$0.000424
648,0Chain,ZCN,"
$2,307,784
",$0.057528
649,Dimecoin,DIME,"
$2,303,887
",$0.000004
650,RevolutionVR,RVR,"
$2,303,365
",$0.010968
651,Veil,VEIL,"
$2,269,334
",$0.114068
652,Novacoin,NVC,"
$2,254,358
",$0.965151
653,indaHash,IDH,"
$2,253,263
",$0.005634
654,Switcheo,SWTH,"
$2,247,438
",$0.004300
655,Sentinel,SENT,"
$2,224,029
",$0.001112
656,Tolar,TOL,"
$2,210,906
",$0.009019
657,MonetaryUnit,MUE,"
$2,186,593
",$0.013538
658,Rate3,RTE,"
$2,176,545
",$0.002447
659,Effect.AI,EFX,"
$2,171,861
",$0.008613
660,Acute Angle C...,AAC,"
$2,163,942
",$0.008656
661,Howdoo,UDOO,"
$2,145,663
",$0.012809
662,Blockparty (B...,BOXX,"
$2,141,023
",$0.079199
663,NewYorkCoin,NYC,"
$2,122,284
",$0.000016
664,Nework,NKC,"
$2,119,800
",$0.014363
665,ProChain,PRA,"
$2,108,557
",$0.042543
666,PotCoin,POT,"
$2,085,768
",$0.009384
667,SolarCoin,SLR,"
$2,063,193
",$0.039090
668,aXpire,AXPR,"
$2,054,263
",$0.007236
669,Decision Token,HST,"
$2,053,641
",$0.064124
670,Nebula AI,NBAI,"
$2,045,322
",$0.001630
671,MidasProtocol,MAS,"
$2,044,738
",$0.006925
672,Dynamic,DYN,"
$2,036,407
",$0.145156
673,Cappasity,CAPP,"
$2,031,593
",$0.003813
674,Moneytoken,IMT,"
$2,027,483
",$0.000215
675,FREE Coin,FREE,"
$2,018,014
",$2.3e-07
676,LIFE,LIFE,"
$2,013,115
",$0.000086
677,Oxycoin,OXY,"
$2,006,399
",$0.002161
678,BANKEX,BKX,"
$2,000,454
",$0.020546
679,Consensus,SEN,"
$1,992,245
",$0.001224
680,WeTrust,TRST,"
$1,988,630
",$0.021581
681,Liquidity Net...,LQD,"
$1,982,266
",$0.045743
682,FuzeX,FXT,"
$1,981,792
",$0.002435
683,HashCoin,HSC,"
$1,973,129
",$0.000153
684,Expanse,EXP,"
$1,969,831
",$0.187687
685,BitSend,BSD,"
$1,968,214
",$0.083488
686,Datum,DAT,"
$1,951,067
",$0.001950
687,ION,ION,"
$1,949,085
",$0.135317
688,Zeusshield,ZSC,"
$1,942,070
",$0.001684
689,Pundi X NEM,NPXSXEM,"
$1,916,578
",$0.000787
690,Nasdacoin,NSD,"
$1,910,232
",$0.095146
691,eXPerience Chain,XPC,"
$1,892,829
",$0.000021
692,Insights Network,INSTAR,"
$1,879,495
",$0.013663
693,Skychain,SKCH,"
$1,867,428
",$0.249595
694,UNIVERSAL CASH,UCASH,"
$1,861,575
",$0.000180
695,EncrypGen,DNA,"
$1,857,846
",$0.027717
696,SophiaTX,SPHTX,"
$1,846,871
",$0.005607
697,Friendz,FDZ,"
$1,832,623
",$0.003884
698,Open Platform,OPEN,"
$1,831,397
",$0.002547
699,SafeCoin,SAFE,"
$1,830,270
",$0.065991
700,NeuroChain,NCC,"
$1,819,875
",$0.005344
701,Curecoin,CURE,"
$1,815,554
",$0.075097
702,SIBCoin,SIB,"
$1,815,455
",$0.102948
703,Kryll,KRL,"
$1,811,630
",$0.078387
704,EchoLink,EKO,"
$1,801,821
",$0.003604
705,NOW Token,NOW,"
$1,800,698
",$0.027395
706,STK,STK,"
$1,800,545
",$0.005235
707,Snetwork,SNET,"
$1,799,799
",$0.011880
708,Fountain,FTN,"
$1,762,749
",$0.034883
709,Humaniq,HMQ,"
$1,762,039
",$0.009483
710,CashBet Coin,CBC,"
$1,759,035
",$0.010920
711,Cardstack,CARD,"
$1,753,409
",$0.000738
712,TransferCoin,TX,"
$1,735,813
",$0.220928
713,AidCoin,AID,"
$1,724,975
",$0.037789
714,ExclusiveCoin,EXCL,"
$1,724,135
",$0.309774
715,Plair,PLA,"
$1,716,415
",$0.000086
716,LikeCoin,LIKE,"
$1,708,004
",$0.003607
717,HyperSpace,AMP,"
$1,701,472
",$0.016892
718,Bitcoin Interest,BCI,"
$1,698,885
",$0.092699
719,Titan Coin,TTN,"
$1,675,862
",$0.001977
720,EBCoin,EBC,"
$1,662,348
",$0.000410
721,Denarius,D,"
$1,651,258
",$0.286737
722,Rotharium,RTH,"
$1,649,313
",$0.491266
723,Spectre.ai Ut...,SXUT,"
$1,636,867
",$0.066730
724,Carboneum [C8...,C8,"
$1,626,377
",$0.031684
725,AC3,AC3,"
$1,623,246
",$0.003306
726,Ormeus Coin,ORME,"
$1,614,689
",$0.044971
727,Silent Notary,SNTR,"
$1,606,727
",$0.000019
728,1SG,1SG,"
$1,606,677
",$0.721454
729,PAYCENT,PYN,"
$1,584,242
",$0.051667
730,Graft,GRFT,"
$1,583,065
",$0.002869
731,Upfiring,UFR,"
$1,582,093
",$0.073245
732,PAL Network,PAL,"
$1,580,812
",$0.003605
733,TRAXIA,TMT,"
$1,570,721
",$0.003141
734,EXRNchain,EXRN,"
$1,533,879
",$0.000017
735,Storiqa,STQ,"
$1,532,811
",$0.000140
736,Rise,RISE,"
$1,521,749
",$0.011013
737,Matchpool,GUP,"
$1,517,122
",$0.020228
738,DreamTeam Token,DREAM,"
$1,516,828
",$0.080421
739,Hubii Network,HBT,"
$1,515,738
",$0.100096
740,VegaWallet Token,VGW,"
$1,506,061
",$0.134347
741,Cryptopay,CPAY,"
$1,504,308
",$0.022009
742,Trinity Netwo...,TNC,"
$1,498,004
",$0.004494
743,VisionX,VNX,"
$1,491,132
",$0.000481
744,Beetle Coin,BEET,"
$1,490,119
",$0.007848
745,Rapids,RPD,"
$1,484,551
",$0.000236
746,Sentivate,SNTVT,"
$1,481,606
",$0.001646
747,Electrify.Asia,ELEC,"
$1,478,432
",$0.002792
748,Blocktrade Token,BTT,"
$1,465,888
",$0.026496
749,Musicoin,MUSIC,"
$1,463,603
",$0.000903
750,Semux,SEM,"
$1,457,649
",$0.133773
751,Banca,BANCA,"
$1,450,835
",$0.000081
752,WOLLO,WLO,"
$1,445,720
",$0.033577
753,MktCoin,MLM,"
$1,440,345
",$0.001191
754,GMB,GMB,"
$1,436,760
",$0.002777
755,Zap,ZAP,"
$1,416,541
",$0.010769
756,Bounty0x,BNTY,"
$1,401,089
",$0.006020
757,Gems ,GEM,"
$1,388,415
",$0.001204
758,CEEK VR,CEEK,"
$1,383,847
",$0.002757
759,CrypticCoin,CRYP,"
$1,382,053
",$0.000542
760,Mysterium,MYST,"
$1,363,990
",$0.057619
761,Winco,WCO,"
$1,358,131
",$0.002827
762,Datawallet,DXT,"
$1,351,316
",$0.003463
763,Sharder,SS,"
$1,341,659
",$0.004736
764,Nuggets,NUG,"
$1,332,685
",$0.000788
765,Swarm City,SWT,"
$1,321,996
",$0.154996
766,Kuai Token,KT,"
$1,321,608
",$0.138929
767,MIB Coin,MIB,"
$1,318,347
",$0.013531
768,Qbao,QBT,"
$1,316,051
",$0.020138
769,Quasarcoin,QAC,"
$1,311,921
",$0.007796
770,Flixxo,FLIXX,"
$1,306,371
",$0.016407
771,DOS Network,DOS,"
$1,305,277
",$0.013639
772,Lunes,LUNES,"
$1,295,828
",$0.008597
773,VouchForMe,IPL,"
$1,286,460
",$0.005622
774,Digital Asset...,DAGT,"
$1,275,812
",$0.055344
775,Essentia,ESS,"
$1,254,125
",$0.001518
776,Credit Tag Chain,CTC,"
$1,251,872
",$0.022917
777,Thrive Token,THRT,"
$1,247,049
",$0.012082
778,Stox,STX,"
$1,241,722
",$0.023402
779,DIMCOIN,DIM,"
$1,229,195
",$0.000585
780,Alphacat,ACAT,"
$1,228,851
",$0.000440
781,OracleChain,OCT,"
$1,225,478
",$0.040849
782,ATLANT,ATL,"
$1,222,242
",$0.022561
783,Halo Platform,HALO,"
$1,219,269
",$0.000311
784,ONOToken,ONOT,"
$1,200,985
",$0.000072
785,uPlexa,UPX,"
$1,199,880
",$0.000797
786,DaTa eXchange,DTX,"
$1,193,657
",$0.015775
787,Ink Protocol,XNK,"
$1,190,382
",$0.003991
788,HOQU,HQX,"
$1,189,453
",$0.007032
789,BitcoinZ,BTCZ,"
$1,187,627
",$0.000257
790,Niobium Coin,NBC,"
$1,169,253
",$0.023898
791,GeoCoin,GEO,"
$1,165,965
",$0.366592
792,OneLedger,OLT,"
$1,165,764
",$0.003854
793,RED,RED,"
$1,165,641
",$0.008966
794,MTC Mesh Network,MTC,"
$1,158,820
",$0.003658
795,Serve,SERV,"
$1,143,158
",$0.025257
796,WebDollar,WEBD,"
$1,139,992
",$0.000217
797,IQeon,IQN,"
$1,139,785
",$0.410692
798,Omni,OMNI,"
$1,131,673
",$2.01
799,LocalCoinSwap,LCS,"
$1,127,416
",$0.021469
800,PUBLYTO Token,PUB,"
$1,127,098
",$0.000753
801,X-CASH,XCASH,"
$1,121,815
",$0.000029
802,Internet of P...,IOP,"
$1,121,529
",$0.084769
803,Linfinity,LFC,"
$1,121,493
",$0.001243
804,Kolion,KLN,"
$1,120,266
",$1.12
805,IONChain,IONC,"
$1,102,789
",$0.009100
806,Zilla,ZLA,"
$1,100,917
",$0.018349
807,Energo,TSL,"
$1,100,913
",$0.001828
808,DubaiCoin,DBIX,"
$1,070,247
",$0.251045
809,PlayGame,PXG,"
$1,065,146
",$0.001283
810,CoinFi,COFI,"
$1,064,622
",$0.005471
811,DATx,DATX,"
$1,062,233
",$0.000763
812,0xBitcoin,0xBTC,"
$1,045,994
",$0.229604
813,Amon,AMN,"
$1,044,649
",$0.001996
814,Patientory,PTOY,"
$1,042,639
",$0.014895
815,Masari,MSR,"
$1,035,158
",$0.089081
816,Decentralized...,DCTO,"
$1,021,700
",$0.001313
817,Sakura Bloom,SKB,"
$1,012,079
",$0.000392
818,Uquid Coin,UQC,"
$994,621
",$0.099462
819,Matryx,MTX,"
$994,581
",$0.042825
820,SHIELD,XSH,"
$983,947
",$0.001918
821,DPRating,RATING,"
$983,905
",$0.000452
822,Memetic / Pep...,MEME,"
$981,618
",$0.032859
823,NoLimitCoin,NLC2,"
$969,519
",$0.004604
824,Pirl,PIRL,"
$967,205
",$0.020630
825,QuadrantProtocol,EQUAD,"
$965,688
",$0.002758
826,Xriba,XRA,"
$943,166
",$0.010597
827,Hacken,HKN,"
$921,757
",$0.171665
828,NuBits,USNBT,"
$918,982
",$0.083683
829,BitDegree,BDG,"
$918,172
",$0.002519
830,Sentinel Chain,SENC,"
$910,149
",$0.004614
831,Pluton,PLU,"
$906,628
",$1.07
832,Bodhi [ETH],BOE,"
$906,220
",$0.061158
833,Utrum,OOT,"
$882,718
",$0.013622
834,Blue Protocol,BLUE,"
$870,406
",$0.023752
835,On.Live,ONL,"
$870,330
",$0.040252
836,CoTrader,COT,"
$867,969
",$0.000055
837,Yocoin,YOC,"
$867,193
",$0.002346
838,VeriumReserve,VRM,"
$862,205
",$0.390514
839,ArtByte,ABY,"
$858,521
",$0.001083
840,iEthereum,IETH,"
$840,619
",$0.046748
841,Mallcoin,MLC,"
$838,739
",$0.004762
842,FedoraCoin,TIPS,"
$837,847
",$0.000004
843,Maverick Chain,MVC,"
$830,540
",$0.007767
844,Scanetchain,SWC,"
$829,146
",$0.001132
845,Paytomat,PTI,"
$815,757
",$0.004195
846,MyWish,WISH,"
$813,090
",$0.052787
847,Torque,XTC,"
$810,037
",$0.000096
848,FarmaTrust,FTT,"
$804,536
",$0.001341
849,Coin Lion,LION,"
$802,618
",$0.024906
850,Dovu,DOV,"
$793,939
",$0.001986
851,DAV Coin,DAV,"
$780,797
",$0.001344
852,UChain,UCN,"
$773,828
",$0.002534
853,Digital Insur...,DIT,"
$769,762
",$0.003427
854,PHI Token,PHI,"
$769,040
",$0.131950
855,OptiToken,OPTI,"
$767,817
",$0.028884
856,Sequence,SEQ,"
$767,333
",$0.016429
857,ESBC,ESBC,"
$764,614
",$0.052457
858,IDEX Membership,IDXM,"
$764,304
",$382.15
859,Crowd Machine,CMCT,"
$763,438
",$0.001624
860,Birake,BIR,"
$757,990
",$0.012381
861,OWNDATA,OWN,"
$750,836
",$0.000068
862,Ethersocial,ESN,"
$743,196
",$0.023182
863,Graviocoin,GIO,"
$733,418
",$0.000816
864,adbank,ADB,"
$729,257
",$0.001096
865,LALA World,LALA,"
$715,915
",$0.003188
866,AICHAIN,AIT,"
$714,117
",$0.001335
867,BiblePay,BBP,"
$711,288
",$0.000441
868,Max Property ...,MPG,"
$710,364
",$0.018068
869,Karbo,KRB,"
$705,407
",$0.093258
870,FLIP,FLP,"
$704,821
",$0.012596
871,GINcoin,GIN,"
$701,296
",$0.110932
872,Pinkcoin,PINK,"
$700,287
",$0.001715
873,Bitcoin Plus,XBC,"
$694,385
",$5.56
874,Crypto Sports,CSPN,"
$681,208
",$0.489222
875,Qredit,XQR,"
$677,639
",$0.001250
876,ATBCoin,ATB,"
$671,797
",$0.015981
877,Blockchain Ce...,BCDT,"
$669,257
",$0.021287
878,Syndicate,SYNX,"
$660,475
",$0.020311
879,Vetri,VLD,"
$648,004
",$0.002580
880,TrustNote,TTT,"
$646,538
",$0.002086
881,Welltrado,WTL,"
$645,771
",$0.016091
882,Origin Sport,ORS,"
$636,572
",$0.008333
883,Zero,ZER,"
$632,668
",$0.101916
884,Blockpass,PASS,"
$630,357
",$0.005339
885,SnapCoin,SNPC,"
$629,180
",$0.001447
886,Nerva,XNV,"
$620,951
",$0.039058
887,FoldingCoin,FLDC,"
$619,018
",$0.000812
888,KuboCoin,KUBO,"
$615,979
",$0.000011
889,Experty,EXY,"
$613,871
",$0.022662
890,0xcert,ZXC,"
$612,871
",$0.001846
891,GoNetwork,GOT,"
$609,765
",$0.009836
892,HashNet BitEco,HNB,"
$608,349
",$0.029214
893,Truegame,TGAME,"
$600,508
",$0.007272
894,1World,1WO,"
$591,565
",$0.028195
895,Faceter,FACE,"
$579,615
",$0.001232
896,Ryo Currency,RYO,"
$573,628
",$0.047538
897,Conceal,CCX,"
$568,220
",$0.151211
898,Narrative,NRVE,"
$565,934
",$0.012060
899,WABnetwork,WAB,"
$555,124
",$0.000058
900,Lethean,LTHN,"
$551,355
",$0.000829
901,Chimpion,BNANA,"
$549,950
",$0.133592
902,MinexCoin,MNX,"
$545,720
",$0.096539
903,LatiumX,LATX,"
$541,224
",$0.005165
904,SnowGem,XSG,"
$533,686
",$0.046995
905,Sether,SETH,"
$530,690
",$0.026354
906,BlitzPredict,XBP,"
$521,905
",$0.001408
907,PARETO Rewards,PARETO,"
$514,896
",$0.001140
908,Eristica,ERT,"
$510,119
",$0.002958
909,Mao Zedong,MAO,"
$508,211
",$0.080101
910,Scorum Coins,SCR,"
$505,948
",$0.017288
911,PlatonCoin,PLTC,"
$502,425
",$0.219078
912,Pylon Network,PYLNT,"
$498,451
",$1.18
913,HBZ coin,HBZ,"
$498,047
",$0.000510
914,CYCLEAN,CCL,"
$497,856
",$0.000734
915,VeriSafe,VSF,"
$490,735
",$0.000045
916,StrongHands M...,SHMN,"
$490,378
",$0.386886
917,Bethereum,BETHER,"
$488,094
",$0.001067
918,Alchemint Sta...,SDS,"
$487,353
",$0.001533
919,eBitcoin,EBTC,"
$472,259
",$0.024991
920,EtherGem,EGEM,"
$472,185
",$0.024236
921,ACE (TokenStars),ACE,"
$471,985
",$0.039780
922,Sharpay,S,"
$469,151
",$0.000458
923,Coinlancer,CL,"
$462,340
",$0.005807
924,GoldMint,MNTP,"
$457,400
",$0.238851
925,ZCore,ZCR,"
$448,826
",$0.109592
926,Sumokoin,SUMO,"
$447,344
",$0.044336
927,Dash Green,DASHG,"
$444,626
",$0.237620
928,Pigeoncoin,PGN,"
$441,773
",$0.000156
929,Globatalent,GBT,"
$437,074
",$0.001103
930,SiaCashCoin,SCC,"
$436,667
",$0.000055
931,JET8,J8T,"
$434,866
",$0.000527
932,HeartBout,HB,"
$433,610
",$0.008151
933,TENA,TENA,"
$428,989
",$0.170107
934,Blockport,BPT,"
$419,315
",$0.007852
935,Profile Utili...,PUT,"
$419,314
",$0.009258
936,Bob's Repair,BOB,"
$416,894
",$0.002270
937,Hush,HUSH,"
$409,478
",$0.072581
938,RealChain,RCT,"
$403,747
",$0.001012
939,Qwark,QWARK,"
$403,250
",$0.006048
940,eSDChain,SDA,"
$402,471
",$0.003687
941,Fox Trading,FOXT,"
$400,191
",$0.043951
942,Moin,MOIN,"
$392,872
",$0.046670
943,IXT,IXT,"
$391,943
",$0.010955
944,BitScreener T...,BITX,"
$391,926
",$0.002517
945,electrumdark,ELD,"
$377,748
",$0.096876
946,FlypMe,FYP,"
$373,968
",$0.021202
947,Energycoin,ENRG,"
$373,180
",$0.003051
948,HOLD,HOLD,"
$369,645
",$0.000524
949,Capricoin,CPC,"
$369,467
",$0.185658
950,Elcoin,EL,"
$363,254
",$0.032407
951,SyncFab,MFG,"
$359,206
",$0.001973
952,Patron,PAT,"
$357,344
",$0.001435
953,PopularCoin,POP,"
$355,457
",$0.000090
954,Bitcoin Incog...,XBI,"
$353,001
",$0.036394
955,Formosa Finan...,FMF,"
$352,413
",$0.000386
956,Maincoin,MNC,"
$348,907
",$0.002943
957,InterValue,INVE,"
$342,083
",$0.002570
958,Zetacoin,ZET,"
$336,952
",$0.001984
959,ParallelCoin,DUO,"
$334,046
",$1.06
960,Bettex Coin,BTXC,"
$322,916
",$0.054607
961,Spectiv,SIG,"
$322,162
",$0.001387
962,Blocktix,TIX,"
$321,374
",$0.008034
963,Arbidex,ABX,"
$320,918
",$0.015714
964,SPIDER VPS,SPDR,"
$320,666
",$0.178153
965,Stronghold Token,SHX,"
$320,531
",$0.000310
966,HEROcoin,PLAY,"
$319,568
",$0.002172
967,Proton Token,PTT,"
$316,533
",$0.000132
968,HollyWoodCoin,HWC,"
$314,684
",$0.015335
969,GoByte,GBX,"
$312,044
",$0.085685
970,Plus-Coin,NPLC,"
$309,948
",$0.000568
971,Atonomi,ATMI,"
$298,593
",$0.000610
972,Bigbom,BBO,"
$294,912
",$0.000870
973,Aphelion,APH,"
$292,523
",$0.005850
974,Bee Token,BEE,"
$290,745
",$0.001229
975,UltraNote Coin,XUN,"
$290,326
",$0.000081
976,Repme,RPM,"
$286,371
",$0.000008
977,PikcioChain,PKC,"
$278,842
",$0.005563
978,HeroNode,HER,"
$278,013
",$0.000266
979,Giant,GIC,"
$276,165
",$0.053347
980,Bitcoin Turbo...,BTK,"
$274,592
",$0.000022
981,Swap,XWP,"
$266,212
",$0.056823
982,PKG Token,PKG,"
$263,116
",$0.000029
983,IP Exchange,IPSX,"
$261,569
",$0.000293
984,Lobstex,LOBS,"
$261,126
",$0.015785
985,SignatureChain ,SICA,"
$260,065
",$0.000010
986,Sociall,SCL,"
$257,360
",$0.015398
987,Herbalist Token,HERB,"
$254,874
",$0.000027
988,Teloscoin,TELOS,"
$253,797
",$0.002887
989,Relex,RLX,"
$253,041
",$0.000136
990,MESG,MESG,"
$250,932
",$0.048003
991,Qwertycoin,QWC,"
$241,837
",$0.000003
992,Typerium,TYPE,"
$241,814
",$0.000636
993,BetterBetting,BETR,"
$239,333
",$0.001276
994,AiLink Token,ALI,"
$235,904
",$0.000082
995,BitNautic Token,BTNT,"
$233,951
",$0.013080
996,Webchain,WEB,"
$231,358
",$0.001970
997,Auctus,AUC,"
$228,522
",$0.007662
998,GCN Coin,GCN,"
$225,280
",$0.000001
999,EDRCoin,EDRC,"
$219,887
",$0.075016
1000,Sapien,SPN,"
$216,849
",$0.001056
1001,NetKoin,NTK,"
$216,248
",$0.000049
1002,View,VIEW,"
$216,168
",$0.006161
1003,Evedo,EVED,"
$212,270
",$0.034156
1004,Veros,VRS,"
$211,154
",$0.007458
1005,ODUWA,OWC,"
$210,658
",$0.089647
1006,Aditus,ADI,"
$207,849
",$0.000888
1007,STRAKS,STAK,"
$206,132
",$0.008649
1008,FSBT API Token,FSBT,"
$205,008
",$0.058414
1009,Centauri,CTX,"
$198,143
",$0.004961
1010,TEAM (TokenSt...,TEAM,"
$188,137
",$0.015959
1011,Niobio Cash,NBR,"
$184,543
",$0.001442
1012,Webcoin,WEB,"
$183,181
",$0.004958
1013,BlockMesh,BMH,"
$177,807
",$0.001984
1014,HyperQuant,HQT,"
$176,244
",$0.001978
1015,Iungo,ING,"
$174,931
",$0.004373
1016,Nyancoin,NYAN,"
$174,842
",$0.000542
1017,AdHive,ADH,"
$171,958
",$0.001309
1018,CryCash,CRC,"
$171,557
",$0.037150
1019,Sparkpoint,SRK,"
$168,495
",$0.000075
1020,Parkgene,GENE,"
$165,914
",$0.000563
1021,Elysian,ELY,"
$165,143
",$0.001877
1022,BitcoiNote,BTCN,"
$163,404
",$0.015690
1023,Bridge Protocol,BRDG,"
$160,779
",$0.000717
1024,XMCT,XMCT,"
$160,735
",$0.001652
1025,BitRewards,BIT,"
$158,833
",$0.000464
1026,SF Capital,SFCP,"
$157,982
",$0.014766
1027,BEAT,BEAT,"
$154,082
",$0.001255
1028,Actinium,ACM,"
$151,746
",$0.013368
1029,SportyCo,SPF,"
$149,238
",$0.002734
1030,Decentralized...,DML,"
$146,660
",$0.002327
1031,Evimeria,EVI,"
$144,355
",$0.000009
1032,4NEW,KWATT,"
$140,831
",$0.002579
1033,Emphy,EPY,"
$140,804
",$0.017789
1034,DOWCOIN,DOW,"
$140,041
",$0.011857
1035,Ether-1,ETHO,"
$139,227
",$0.006855
1036,Exosis,EXO,"
$138,812
",$0.604663
1037,Aegeus,AEG,"
$131,519
",$0.004086
1038,Knekted,KNT,"
$129,523
",$0.000130
1039,Creditbit,CRB,"
$128,151
",$0.007583
1040,Bitblocks,BBK,"
$126,789
",$0.001077
1041,ARAW,ARAW,"
$124,192
",$0.000041
1042,Transcodium,TNS,"
$122,627
",$0.002426
1043,MMOCoin,MMO,"
$121,519
",$0.002075
1044,IGToken,IG,"
$110,903
",$0.000057
1045,No BS Crypto,NOBS,"
$109,620
",$0.000088
1046,Freyrchain,FREC,"
$109,419
",$0.000219
1047,MedicCoin,MEDIC,"
$106,333
",$0.000388
1048,Bitcoin Zero,BZX,"
$105,673
",$0.006073
1049,Provoco Token,VOCO,"
$105,348
",$0.000280
1050,Bata,BTA,"
$104,907
",$0.020764
1051,Ethereum Meta,ETHM,"
$102,803
",$0.001170
1052,Jetcoin,JET,"
$102,526
",$0.015027
1053,EurocoinToken,ECTE,"
$101,357
",$0.079822
1054,ProCurrency,PROC,"
$97,368
",$0.000951
1055,CFun,CFUN,"
$96,841
",$0.000226
1056,Engagement Token,ENGT,"
$96,756
",$0.000233
1057,Blocklancer,LNC,"
$95,620
",$0.000796
1058,Thore Cash,TCH,"
$95,302
",$0.001731
1059,FidexToken,FEX,"
$94,447
",$0.000003
1060,Kora Network ...,KNT,"
$87,567
",$0.000261
1061,Couchain,COU,"
$86,282
",$0.000019
1062,Tokenbox,TBX,"
$84,979
",$0.007458
1063,Waletoken,WTN,"
$82,941
",$0.000004
1064,SparksPay,SPK,"
$79,346
",$0.014471
1065,Spectrum,SPT,"
$78,476
",$0.000067
1066,BitBall,BTB,"
$76,771
",$0.000286
1067,International...,INCX,"
$74,658
",$0.000177
1068,Payfair,PFR,"
$72,901
",$0.002087
1069,RouletteToken,RLT,"
$71,954
",$0.007041
1070,TokenDesk,TDS,"
$59,843
",$0.004076
1071,Ethereum Gold...,ETGP,"
$59,740
",$0.000019
1072,Decentralized...,DATP,"
$58,255
",$0.000005
1073,MoX,MOX,"
$53,130
",$0.011339
1074,Zenswap Netwo...,ZNT,"
$52,188
",$0.000004
1075,Octoin Coin,OCC,"
$50,771
",$0.091456
1076,The Currency ...,TCAT,"
$50,458
",$0.001418
1077,Alpha Coin,APC,"
$49,520
",$0.001816
1078,Absolute,ABS,"
$49,400
",$0.004090
1079,WITChain,WIT,"
$48,977
",$0.000029
1080,BitStation,BSTN,"
$47,483
",$0.000010
1081,CryptoSoul,SOUL,"
$45,369
",$0.000284
1082,SCRIV NETWORK,SCRIV,"
$44,061
",$0.001781
1083,e-Chat,ECHT,"
$42,962
",$0.002344
1084,Akroma,AKA,"
$42,162
",$0.002198
1085,Havy,HAVY,"
$40,896
",$0.000005
1086,QUINADS,QUIN,"
$40,339
",$0.000003
1087,Micromines,MICRO,"
$39,272
",$0.000002
1088,ShowHand,HAND,"
$35,889
",$5.8e-07
1089,Thingschain,TIC,"
$34,668
",$0.000003
1090,nDEX,NDX,"
$33,163
",$0.000002
1091,Fivebalance,FBN,"
$31,112
",$0.000066
1092,Cyber Movie C...,CMCT,"
$29,517
",$0.000001
1093,Bitcoinus,BITS,"
$26,230
",$0.000442
1094,Ether Kingdom...,IMP,"
$24,146
",$0.005525
1095,Tourist Token,TOTO,"
$23,122
",$0.000006
1096,Italian Lira,ITL,"
$22,807
",$0.000004
1097,Neural Protocol,NRP,"
$21,777
",$0.000002
1098,DeltaChain,DELTA,"
$20,697
",$0.000003
1099,InnovativeBio...,INNBCL,"
$19,373
",$3.1e-08
1100,Quantis Network,QUAN,"
$13,494
",$0.002436
1101,Cryptrust,CTRT,"
$12,823
",$0.000002
1102,VikkyToken,VIKKY,"
$12,180
",$0.000003
1103,Dinero,DIN,"
$11,802
",$0.001319
1104,Bionic,BNC,"
$11,730
",$0.000022
1105,Ragnarok,RAGNA,"
$10,329
",$0.000812
1106,KUN,KUN,"
$10,283
",$5.14
1107,FUTURAX,FTXT,"
$9,770
",$0.000003
1108,ICOCalendar.T...,ICT,"
$9,654
",$0.007988
1109,Atheios,ATH,"
$9,401
",$0.000536
1110,Crystal Token,CYL,"
$9,371
",$0.016603
1111,QYNO,QNO,"
$6,789
",$0.006314
1112,Abulaba,AAA,"
$1,361
",$0.000090
1113,Cryptonex,CNX,"
$80,837,611
",$1.45
1114,LATOKEN,LA,"
$42,365,695
",$0.111458
1115,TRONCLASSIC,TRXC,"
$41,906,445
",$0.000090
1116,REPO,REPO,"
$40,967,769
",$0.372574
1117,Centrality,CENNZ,"
$31,505,138
",$0.038979
1118,Iconomi,ICN,"
$26,925,698
",$0.272168
1119,DEW,DEW,"
$22,312,026
",$0.216109
1120,Spectre.ai Di...,SXDT,"
$20,591,073
",$0.250886
1121,PayPie,PPP,"
$17,400,410
",$0.210914
1122,RChain,RHOC,"
$16,352,943
",$0.043749
1123,Linkey,LKY,"
$16,180,699
",$0.323614
1124,TokenCard,TKN,"
$12,522,757
",$0.413831
1125,United Trader...,UTT,"
$11,413,055
",$0.305107
1126,Ternio,TERN,"
$8,789,233
",$0.026302
1127,Ecobit,ECOB,"
$8,110,847
",$0.018249
1128,BridgeCoin,BCO,"
$8,026,559
",$0.297280
1129,Business Cred...,BCAC,"
$7,689,522
",$0.009102
1130,Bitcoin Private,BTCP,"
$7,602,749
",$1.62
1131,Bitcoin Confi...,BC,"
$6,669,121
",$0.000905
1132,Fluz Fluz,FLUZ,"
$6,312,190
",$0.030824
1133,POPCHAIN,PCH,"
$5,717,421
",$0.006472
1134,NativeCoin,N8V,"
$5,559,985
",$0.301665
1135,Credo,CREDO,"
$5,247,981
",$0.009544
1136,Lykke,LKK,"
$5,114,462
",$0.016144
1137,Waves Communi...,WCT,"
$5,025,884
",$0.504375
1138,Etheroll,DICE,"
$4,934,991
",$0.704835
1139,HashBX ,HBX,"
$4,846,451
",$0.011931
1140,Mooncoin,MOON,"
$4,789,570
",$0.000021
1141,FairCoin,FAIR,"
$4,744,259
",$0.089188
1142,CommerceBlock,CBT,"
$4,678,499
",$0.026924
1143,ECC,ECC,"
$4,513,570
",$0.000181
1144,MintCoin,MINT,"
$4,500,694
",$0.000180
1145,ColossusXT,COLX,"
$4,073,227
",$0.000361
1146,BitMart Token,BMX,"
$3,897,163
",$0.028453
1147,OLXA,OLXA,"
$3,857,143
",$0.002942
1148,Global Crypto...,GCC,"
$3,759,655
",$0.002990
1149,BitGreen,BITG,"
$3,748,174
",$0.415751
1150,Diamond Platf...,DPT,"
$3,657,737
",$10.12
1151,Compound Coin,COMP,"
$3,589,066
",$0.000068
1152,Ondori,RSTR,"
$3,525,072
",$0.000093
1153,OTOCASH,OTO,"
$3,489,846
",$0.163721
1154,Aston,ATX,"
$3,448,830
",$0.004185
1155,DAO.Casino,BET,"
$3,441,636
",$0.020575
1156,DACSEE,DACS,"
$3,401,375
",$0.004510
1157,Vites,VITES,"
$3,397,093
",$0.000093
1158,OVCODE,OVC,"
$3,351,286
",$0.076428
1159,ERC20,ERC20,"
$3,319,535
",$0.066391
1160,Brickblock,BBK,"
 $3,266,946
",$0.043483
1161,Observer,OBSR,"
$3,260,978
",$0.002436
1162,PlayCoin [ERC20],PLY,"
$3,207,650
",$0.017752
1163,Bittwatt,BWT,"
$3,152,759
",$0.010374
1164,SureRemit,RMT,"
$3,068,109
",$0.006136
1165,XTRABYTES,XBY,"
$2,853,110
",$0.006635
1166,HiCoin,XHI,"
$2,802,225
",$0.000632
1167,Cobinhood,COB,"
$2,801,068
",$0.006815
1168,Sense,SENSE,"
$2,787,887
",$0.007556
1169,Playgroundz,IOG,"
$2,539,917
",$0.088979
1170,AMLT,AMLT,"
$2,504,243
",$0.010631
1171,Vezt,VZT,"
$2,414,388
",$0.028099
1172,BitDice,CSNO,"
$2,338,156
",$0.033402
1173,Nexty,NTY,"
$2,285,000
",$0.000015
1174,ALIS,ALIS,"
$2,263,930
",$0.057847
1175,Winding Tree,LIF,"
$2,183,507
",$0.102234
1176,Privatix,PRIX,"
$2,146,539
",$1.96
1177,Flash,FLASH,"
$2,102,685
",$0.002336
1178,Starta,STA,"
$2,018,777
",$0.404114
1179,HorusPay,HORUS,"
$2,003,943
",$0.002296
1180,NANJCOIN,NANJ,"
$1,961,346
",$0.000101
1181,Colu Local Ne...,CLN,"
$1,945,330
",$0.018561
1182,ShipChain,SHIP,"
$1,932,054
",$0.007909
1183,Education Eco...,LEDU,"
$1,922,231
",$0.008826
1184,RealTract,RET,"
$1,913,328
",$0.000174
1185,NEOX,NEOX,"
$1,875,244
",$1.75
1186,Lisk Machine ...,LML,"
$1,820,367
",$0.015170
1187,Vipstar Coin,VIPS,"
$1,808,759
",$0.000052
1188,Experience Po...,XP,"
$1,717,839
",$0.000006
1189,Happycoin,HPC,"
$1,694,441
",$0.084575
1190,DNotes,NOTE,"
$1,675,807
",$0.012409
1191,Pura,PURA,"
$1,641,885
",$0.009336
1192,Scopuly,SKY,"
$1,635,606
",$0.000774
1193,ALAX,ALX,"
$1,591,789
",$0.003165
1194,BitCrystals,BCY,"
$1,584,862
",$0.069339
1195,Paypex,PAYX,"
$1,576,170
",$0.023034
1196,Ifoods Chain,IFOOD,"
$1,504,183
",$0.000602
1197,Ties.DB,TIE,"
$1,475,479
",$0.036145
1198,Online,OIO,"
$1,440,437
",$0.001641
1199,RoBET,ROBET,"
$1,361,522
",$1.70
1200,Espers,ESP,"
$1,360,589
",$0.000059
1201,Quark,QRK,"
$1,360,027
",$0.005258
1202,EnergiToken,ETK,"
$1,357,925
",$0.000733
1203,HEAT,HEAT,"
$1,302,817
",$0.031680
1204,DomRaider,DRT,"
$1,280,904
",$0.002166
1205,Golos,GOLOS,"
$1,225,214
",$0.009840
1206,PetroDollar,XPD,"
$1,218,897
",$0.019047
1207,Breezecoin,BRZC,"
$1,200,115
",$0.014252
1208,Trittium,TRTT,"
$1,166,182
",$0.009461
1209,XPA,XPA,"
$1,148,794
",$0.020092
1210,win.win,TWINS,"
$1,141,951
",$0.000664
1211,Elite,1337,"
$1,136,051
",$0.000043
1212,COPYTRACK,CPY,"
$1,114,594
",$0.023175
1213,Aventus,AVT,"
$1,084,675
",$0.180779
1214,X8X Token,X8X,"
$1,073,468
",$0.013673
1215,Darcrus,DAR,"
$1,070,309
",$0.078697
1216,Orbitcoin,ORB,"
$1,067,960
",$0.331601
1217,Leverj,LEV,"
$1,067,535
",$0.009040
1218,Uniform Fisca...,UFO,"
$1,066,291
",$0.000280
1219,B3Coin,KB3,"
$1,040,543
",$0.001392
1220,ARBITRAGE,ARB,"
$1,012,410
",$0.208434
1221,DCORP Utility,DRPU,"
$1,006,354
",$0.285056
1222,EquiTrader,EQT,"
$1,000,279
",$0.081385
1223,Miners' Rewar...,MRT,"
$996,630
",$0.099663
1224,Ivy,IVY,"
$995,691
",$0.003163
1225,Soarcoin,SOAR,"
$976,077
",$0.000903
1226,Solaris,XLR,"
$954,733
",$0.565074
1227,Maxcoin,MAX,"
$947,796
",$0.015425
1228,Bulwark,BWK,"
$933,527
",$0.048960
1229,42-coin,42,"
$928,804
",$22114.41
1230,Amoveo,VEO,"
$914,931
",$14.30
1231,REBL,REBL,"
$908,623
",$0.005232
1232,VeriME,VME,"
$906,633
",$0.005109
1233,FidentiaX,FDX,"
$897,641
",$0.008549
1234,wys Token,WYS,"
$890,042
",$0.008697
1235,Bela,BELA,"
$886,591
",$0.021486
1236,Indorse Token,IND,"
$886,161
",$0.023643
1237,PWR Coin,PWR,"
$872,428
",$0.000090
1238,Swisscoin,SIC,"
$855,832
",$0.000093
1239,StrongHands,SHND,"
$840,319
",$9e-08
1240,Sprouts,SPRTS,"
$831,504
",$5.3e-08
1241,Block-Chain.com,BC,"
$822,143
",$0.003971
1242,Karma,KRM,"
$804,759
",$0.000451
1243,Proxeus,XES,"
$803,774
",$0.003955
1244,Gentarium,GTM,"
$792,707
",$0.232817
1245,Dether,DTH,"
$788,485
",$0.009276
1246,savedroid,SVD,"
$770,574
",$0.000287
1247,e-Gulden,EFL,"
$770,414
",$0.045136
1248,Nerves,NER,"
$760,771
",$0.000233
1249,Ergo,EFYT,"
$755,599
",$1.90
1250,Playkey,PKT,"
$733,779
",$0.052708
1251,Manna,MANNA,"
$730,920
",$0.001344
1252,Timicoin,TMC,"
$728,236
",$0.002296
1253,BuzzCoin,BUZZ,"
$721,633
",$0.000036
1254,ALBOS,ALB,"
$714,877
",$0.000085
1255,Seal Network,SEAL,"
$710,531
",$0.001379
1256,Rivetz,RVT,"
$710,208
",$0.027061
1257,Lampix,PIX,"
$708,959
",$0.005239
1258,Olympus Labs,MOT,"
$692,235
",$0.017980
1259,CannabisCoin,CANN,"
$688,015
",$0.008909
1260,Doge Token,DOGET,"
$680,484
",$0.000076
1261,KekCoin,KEK,"
$676,201
",$0.063100
1262,Global Awards...,GAT,"
$668,737
",$0.000975
1263,Bezop,BEZ,"
$649,066
",$0.016778
1264,ALQO,XLQ,"
$633,113
",$0.011027
1265,Autonio,NIO,"
$630,695
",$0.007513
1266,TraDove B2BCoin,BBC,"
$630,474
",$0.001261
1267,Helium,HLM,"
$630,408
",$0.060527
1268,SounDAC,XSD,"
$615,987
",$0.042244
1269,EncryptoTel [...,ETT,"
$611,345
",$0.009840
1270,DEEX,DEEX,"
$610,510
",$0.010800
1271,Tokes,TKS,"
$594,927
",$0.172158
1272,OBITS,OBITS,"
$593,687
",$0.038792
1273,LoMoCoin,LMC,"
$583,407
",$0.002153
1274,SoMee.Social,ONG,"
$581,321
",$0.011965
1275,Coinvest,COIN,"
$575,629
",$0.048779
1276,AVINOC,AVINOC,"
$575,490
",$0.001478
1277,Zippie,ZIPT,"
$572,896
",$0.002112
1278,Shivom,OMX,"
$568,787
",$0.000631
1279,Databits,DTB,"
$566,293
",$0.024894
1280,KARMA,KARMA,"
$563,834
",$0.000171
1281,MetaMorph,METM,"
$550,563
",$0.004387
1282,Noir,NOR,"
$545,675
",$0.028053
1283,Motocoin,MOTO,"
$544,630
",$0.027727
1284,DeviantCoin,DEV,"
$541,974
",$0.035082
1285,Arionum,ARO,"
$536,368
",$0.003364
1286,Target Coin,TGT,"
$526,521
",$0.000553
1287,Commercium,CMM,"
$512,009
",$0.011817
1288,Dinastycoin,DCY,"
$506,857
",$0.000271
1289,Eroscoin,ERO,"
$505,353
",$0.002706
1290,Debitum,DEB,"
$504,314
",$0.002526
1291,Cointorox,OROX,"
$503,931
",$0.108155
1292,HyperStake,HYP,"
$497,114
",$0.000361
1293,Golfcoin,GOLF,"
$488,744
",$0.000017
1294,HempCoin,THC,"
$484,920
",$0.001986
1295,TrueDeck,TDP,"
$468,273
",$0.015245
1296,Ixcoin,IXC,"
$467,645
 ",$0.022190
1297,Bitcoin Scrypt,BTCS,"
$466,859
",$0.026502
1298,AudioCoin,ADC,"
$463,163
",$0.000476
1299,EUNO,EUNO,"
$460,789
",$0.019500
1300,Ethbits,ETBS,"
$458,615
",$0.280551
1301,Incodium,INCO,"
$455,778
",$0.000051
1302,Alpha Token,A,"
$454,297
",$0.017795
1303,White Standard,WSD,"
$443,185
",$1.01
1304,Cryptonite,XCN,"
$441,939
",$0.000624
1305,Ethouse,HORSE,"
$441,676
",$0.003993
1306,CryptoCarbon,CCRB,"
$441,415
",$0.017878
1307,Pedity,PEDI,"
$439,351
",$0.000321
1308,The ChampCoin,TCC,"
$433,992
",$0.002488
1309,Shard,SHARD,"
$426,751
",$0.025493
1310,ANON,ANON,"
$423,471
",$0.055765
1311,WorldCoin,WDC,"
$420,773
",$0.003518
1312,TrezarCoin,TZC,"
$418,103
",$0.002615
1313,VULCANO,VULC,"
$416,239
",$0.001894
1314,StarCoin,KST,"
$411,925
",$0.000273
1315,DigitalPrice,DP,"
$406,683
",$0.020560
1316,ShareX,SEXC,"
$406,386
",$0.000630
1317,Carboncoin,CARBON,"
$399,577
",$0.000026
1318,PRASM,PSM,"
$399,306
",$0.000180
1319,Mocrow,MCW,"
$397,868
",$0.195208
1320,Freicoin,FRC,"
$397,431
",$0.012238
1321,VIT,VIT,"
$390,611
",$0.000686
1322,Universe,UNI,"
$383,051
",$0.004856
1323,Knoxstertoken,FKX,"
$381,539
",$0.002630
1324,Terracoin,TRC,"
$379,858
",$0.016562
1325,ATMChain,ATM,"
$377,388
",$0.000081
1326,SmileyCoin,SMLY,"
$374,871
",$0.000014
1327,GravityCoin,GXX,"
$374,156
",$0.177835
1328,BlueCoin,BLU,"
$369,697
",$0.000643
1329,Auxilium,AUX,"
$357,545
",$0.003326
1330,Opus,OPT,"
$357,229
",$0.002550
1331,FantasyGold,FGC,"
$351,999
",$0.022054
1332,Auroracoin,AUR,"
$351,191
",$0.019974
1333,Kuende,KUE,"
$350,352
",$0.000578
1334,Signals Network,SGN,"
$349,425
",$0.003964
1335,Voise,VOISE,"
$346,867
",$0.000631
1336,LiteDoge,LDOGE,"
$340,818
",$0.000022
1337,BoatPilot Token,NAVY,"
$339,829
",$0.004601
1338,Neutron,NTRN,"
$339,031
",$0.008666
1339,Moneynet,MNC,"
$338,565
",$0.000085
1340,Mithril Ore,MORE,"
$333,620
",$26.16
1341,PoSW Coin,POSW,"
$333,368
",$0.007559
1342,Obsidian,ODN,"
$330,939
",$0.004960
1343,PutinCoin,PUT,"
$330,287
",$0.000451
1344,Trollcoin,TROLL,"
$330,260
",$0.000561
1345,imbrex,REX,"
$330,141
",$0.038119
1346,Starbase,STAR,"
$330,089
",$0.001760
1347,Soma,SCT,"
$329,172
",$0.036983
1348,Rupee,RUP,"
$327,052
",$0.009388
1349,AdCoin,ACC,"
$326,871
",$0.020762
1350,Anoncoin,ANC,"
$323,611
",$0.153347
1351,BitClave,CAT,"
$322,246
",$0.000643
1352,Travelflex,TRF,"
$320,292
",$0.004059
1353,Ubcoin Market,UBC,"
$315,713
",$0.000922
1354,BlockCAT,CAT,"
$315,148
",$0.042818
1355,ToaCoin,TOA,"
$305,937
",$0.000084
1356,BioCoin,BIO,"
$305,174
",$0.000361
1357,EtherSportz,ESZ,"
$304,823
",$0.044790
1358,MFCoin,MFC,"
$302,456
",$0.016126
1359,EverGreenCoin,EGC,"
$298,569
",$0.021571
1360,GlobalBoost-Y,BSTY,"
$296,291
",$0.017384
1361,Invacio,INV,"
$296,270
",$0.009843
1362,Deutsche eMark,DEM,"
$295,492
",$0.007036
1363,SRCOIN,SRCOIN,"
$295,276
",$0.000058
1364,REAL,REAL,"
$294,378
",$0.029274
1365,Newton Coin P...,NCP,"
$293,154
",$0.000002
1366,RefToken,REF,"
$291,904
",$0.290452
1367,Verify,CRED,"
$291,002
",$0.021542
1368,FORCE,FOR,"
$288,674
",$0.002054
1369,Megacoin,MEC,"
$283,741
",$0.007446
1370,Tigereum,TIG,"
$283,737
",$0.015577
1371,Fire Lotto,FLOT,"
$282,751
",$0.010289
1372,AirWire,WIRE,"
$279,939
",$0.002332
1373,Daneel,DAN,"
$275,869
",$0.005192
1374,Zennies,ZENI,"
$272,452
",$0.000272
1375,OPCoinX,OPCX,"
$271,317
",$0.001714
1376,Block-Logic,BLTG,"
$264,399
",$0.011546
1377,Snovian.Space,SNOV,"
$262,909
",$0.000860
1378,Level Up Coin,LUC,"
$262,733
",$0.000264
1379,MNPCoin,MNP,"
$259,011
",$0.118162
1380,GoPower,GPT,"
$255,420
",$0.003145
1381,ClearPoll,POLL,"
$254,466
",$0.036352
1382,Pakcoin,PAK,"
$253,878
",$0.003701
1383,WandX,WAND,"
$253,279
",$0.020686
1384,Bitnation,XPAT,"
$251,725
",$0.000010
1385,GlobalToken,GLT,"
$250,152
",$0.003521
1386,Rubies,RBIES,"
$249,153
",$0.023922
1387,Banyan Network,BBN,"
$248,594
",$0.000407
1388,Jesus Coin,JC,"
$248,044
",$0.000014
1389,Worldcore,WRC,"
$246,826
",$0.001386
1390,DopeCoin,DOPE,"
$240,045
",$0.002054
1391,PENG,PENG,"
$239,723
",$0.000035
1392,Netko,NETKO,"
$239,243
",$0.029966
1393,Bitzeny,ZNY,"
$238,904
",$0.003159
1394,MyBit,MYB,"
$236,521
",$0.001548
1395,SwiftCash,SWIFT,"
$235,759
",$0.002616
1396,SHPING,SHPING,"
$235,743
",$0.000290
1397,Rentberry,BERRY,"
$235,038
",$0.000780
1398,Photon,PHO,"
$231,187
",$0.000008
1399,bitqy,BQ,"
$229,575
",$0.000074
1400,Magi,XMG,"
$228,564
",$0.025727
1401,StarterCoin,STAC,"
$223,818
",$0.000654
1402,EnterCoin,ENTRC,"
$221,632
",$0.073877
1403,Social Send,SEND,"
$220,847
",$0.005710
1404,HOdlcoin,HODL,"
$217,300
",$0.000935
1405,Puregold Token,PGTS,"
$211,527
",$0.018615
1406,TrumpCoin,TRUMP,"
$209,858
",$0.031776
1407,DogeCash,DOGEC,"
$209,449
",$0.057941
1408,PiplCoin,PIPL,"
$208,876
",$0.002503
1409,TagCoin,TAG,"
$207,189
",$0.032203
1410,Devery,EVE,"
$207,016
",$0.003290
1411,EventChain,EVC,"
$205,782
",$0.006585
1412,Startcoin,START,"
$205,573
",$0.004560
1413,Speed Mining ...,SMS,"
$205,406
",$1.96
1414,CryptoPing,PING,"
$203,934
",$0.020492
1415,XGOX,XGOX,"
$203,580
",$0.000086
1416,Shadow Token,SHDW,"
$202,840
",$0.028977
1417,Mainstream Fo...,MFTU,"
$201,571
",$0.000187
1418,Crowdholding,YUP,"
$199,808
",$0.001027
1419,Block Array,ARY,"
$199,582
",$0.002917
1420,Goodomy,GOOD,"
$199,082
",$0.000321
1421,Aigang,AIX,"
$195,142
",$0.006666
1422,Naviaddress,NAVI,"
$193,704
",$0.000799
1423,PeepCoin,PCN,"
$193,036
",$0.000003
1424,LanaCoin,LANA,"
$192,991
",$0.000181
1425,FujiCoin,FJC,"
$190,300
",$0.000090
1426,Gravity,GZRO,"
$189,543
",$0.000090
1427,Argentum,ARG,"
$189,026
",$0.016056
1428,Helleniccoin,HNC,"
$188,216
",$0.002708
1429,Galilel,GALI,"
$186,482
",$0.010614
1430,Jury.Online T...,JOT,"
$183,482
",$0.018236
1431,Stipend,SPD,"
$183,284
",$0.016538
1432,BoutsPro,BOUTS,"
$183,166
",$0.002391
1433,InsaneCoin,INSN,"
$183,043
",$0.007763
1434,Bitstar,BITS,"
$179,257
",$0.008811
1435,HUZU,HUZU,"
$179,191
",$0.042486
1436,ClearCoin,XCLR,"
$176,657
",$0.000335
1437,Ignition,IC,"
$176,429
",$0.172764
1438,Emerald Crypto,EMD,"
$174,471
",$0.009126
1439,Sugar Exchange,SGR,"
$172,722
",$0.006540
1440,Skeincoin,SKC,"
$172,201
",$0.012638
1441,Bitcloud,BTDX,"
 $170,493
",$0.005700
1442,Bonpay,BON,"
$169,721
",$0.015033
1443,bitBTC,BITBTC,"
$169,213
",$4144.43
1444,Simmitri,SIM,"
$166,542
",$0.002363
1445,Vsync,VSX,"
$164,925
",$0.001027
1446,BLAST,BLAST,"
$164,849
",$0.003327
1447,Advanced Tech...,ARC,"
$164,837
",$0.006395
1448,bitSilver,BITSILVER,"
$162,938
",$7.66
1449,Synergy,SNRG,"
$162,513
",$0.034599
1450,Magnet,MAG,"
$161,885
",$0.004018
1451,CROAT,CROAT,"
$160,499
",$0.002436
1452,Alt.Estate token,ALT,"
$160,044
",$0.000221
1453,Suretly,SUR,"
$159,525
",$0.679821
1454,AquariusCoin,ARCO,"
$159,326
",$0.068101
1455,HYPNOXYS,HYPX,"
$157,561
",$0.000008
1456,HelloGold,HGT,"
$155,505
",$0.000591
1457,Version,V,"
$154,851
",$0.000271
1458,Bitether,BTR,"
$154,595
",$0.002988
1459,Monkey Project,MONK,"
$154,100
",$0.023957
1460,CDX Network,CDX,"
$152,680
",$0.004691
1461,Fabric Token,FT,"
$152,186
",$0.006188
1462,BitRent,RNTB,"
$151,889
",$0.000180
1463,Bitibu Coin,BTB,"
$150,745
",$0.035450
1464,Pesetacoin,PTC,"
$150,263
",$0.001082
1465,EXMR,EXMR,"
$149,832
",$0.012745
1466,Sp8de,SPX,"
$149,246
",$0.000019
1467,PitisCoin,PTS,"
$148,521
",$0.000271
1468,WomenCoin,WOMEN,"
$148,385
",$0.000003
1469,SixEleven,611,"
$148,318
",$0.311478
1470,PayCoin,XPY,"
$147,007
",$0.012255
1471,Elixir,ELIX,"
$146,944
",$0.004152
1472,ModulTrade,MTRC,"
$146,032
",$0.003969
1473,Iconiq Lab Token,ICNQ,"
$143,298
",$0.037141
1474,Guaranteed Et...,GETX,"
$142,800
",$0.000476
1475,MODEL-X-coin,MODX,"
$142,402
",$0.011817
1476,FirstCoin,FRST,"
$141,826
",$0.004545
1477,Zeitcoin,ZEIT,"
$140,467
",$0.000004
1478,Kobocoin,KOBO,"
$140,411
",$0.005685
1479,Opal,OPAL,"
$139,555
",$0.009208
1480,2GIVE,2GIVE,"
$138,482
",$0.000266
1481,Adelphoi,ADL,"
$138,426
",$0.006680
1482,SIMDAQ,SMQ,"
$136,750
",$0.007760
1483,DraftCoin,DFT,"
$136,596
",$0.015978
1484,Ethereum Cash,ECASH,"
$136,091
",$0.009652
1485,Vivid Coin,VIVID,"
$133,625
",$0.024969
1486,BitBar,BTB,"
$131,254
",$3.15
1487,XOVBank,XOV,"
$130,595
",$0.001072
1488,Advanced Inte...,AIB,"
$130,304
",$0.003966
1489,ChessCoin,CHESS,"
$126,818
",$0.002347
1490,Chronologic,DAY,"
$125,467
",$0.143420
1491,Kind Ads Token,KIND,"
$124,508
",$0.002949
1492,LOCIcoin,LOCI,"
$124,372
",$0.003005
1493,Kalkulus,KLKS,"
$124,211
",$0.007758
1494,bitEUR,BITEUR,"
$123,823
",$1.15
1495,Elementrem,ELE,"
$123,304
",$0.004705
1496,Leadcoin,LDC,"
$123,038
",$0.000157
1497,BitWhite,BTW,"
$122,416
",$0.003370
1498,iDealCash,DEAL,"
$121,257
",$0.000090
1499,Adzcoin,ADZ,"
$119,639
",$0.002528
1500,More Coin,MORE,"
$118,528
",$0.059264
1501,Galactrum,ORE,"
$117,449
",$0.030850
1502,JSECOIN,JSE,"
$116,888
",$0.000264
1503,TittieCoin,TIT,"
$113,725
",$0.000090
1504,AllSafe,ASAFE,"
$112,617
",$0.014534
1505,WavesGo,WGO,"
$112,312
",$0.014204
1506,Bitradio,BRO,"
$111,951
",$0.014714
1507,bitGold,BITGOLD,"
$110,839
",$584.95
1508,iTicoin,ITI,"
$110,270
",$3.45
1509,Save Environm...,SET,"
$110,246
",$0.114673
1510,Stakinglab,LABX,"
$109,860
",$0.271154
1511,CrowdWiz,WIZ,"
$108,759
",$0.012777
1512,Rimbit,RBT,"
$108,349
",$0.000548
1513,Crave,CRAVE,"
$106,795
",$0.006950
1514,Ellaism,ELLA,"
$106,629
",$0.005507
1515,FundRequest,FND,"
$106,124
",$0.002221
1516,Help The Home...,HTH,"
$106,029
",$0.000093
1517,PRiVCY,PRIV,"
$105,513
",$0.006391
1518,Unify,UNIFY,"
$104,984
",$0.005773
1519,CDMCOIN,CDM,"
$104,423
",$0.000054
1520,BBSCoin,BBS,"
$104,260
",$0.000001
1521,EUNOMIA,ENTS,"
$103,713
",$0.000006
1522,Iridium,IRD,"
$101,839
",$0.005785
1523,Universal Cur...,UNIT,"
$100,053
",$0.006273
1524,SkinCoin,SKIN,"
$100,007
",$0.001134
1525,Soniq,SONIQ,"
$99,225
",$0.001984
1526,RPICoin,RPI,"
$98,408
",$0.000180
1527,Nexium,NXC,"
$98,326
",$0.001478
1528,Menlo One,ONE,"
$97,308
",$0.000324
1529,Hurify,HUR,"
$97,219
",$0.000401
1530,SAKECOIN,SAKE,"
$95,787
",$0.000020
1531,Xuez,XUEZ,"
$95,425
",$0.032220
1532,MicroMoney,AMM,"
$94,642
",$0.005999
1533,MarteXcoin,MXT,"
$93,641
",$0.026720
1534,SpreadCoin,SPR,"
$92,042
",$0.008248
1535,Origami,ORI,"
$91,751
",$0.021712
1536,Datarius Credit,DTRC,"
$90,980
",$0.000712
1537,InflationCoin,IFLT,"
$90,914
",$0.000002
1538,IQ.cash,IQ,"
$86,457
",$0.022190
1539,Wispr,WSP,"
$86,265
",$0.002931
1540,Ratecoin,XRA,"
$86,028
",$0.000703
1541,GoHelpFund,HELP,"
$84,595
",$0.026894
1542,EtherInc,ETI,"
$84,516
",$0.000270
1543,Arqma,ARQ,"
$84,445
",$0.015786
1544,Joint Ventures,JOINT,"
$84,130
",$0.003802
1545,BTCtalkcoin,TALK,"
$83,699
",$0.001282
1546,CyberFM,CYFM,"
$83,390
",$0.000002
1547,Kurrent,KURT,"
$83,092
",$0.001354
1548,Elementeum,ELET,"
$83,083
",$0.105417
1549,PlatinumBAR,XPTX,"
$82,679
",$0.038275
1550,Social Activi...,SAT,"
$82,133
",$0.000647
1551,ICO OpenLedger,ICOO,"
$82,030
",$0.176047
1552,TOKYO,TOKC,"
$82,025
",$0.000301
1553,Cream,CRM,"
$81,441
",$0.001805
1554,OP Coin,OPC,"
$79,641
",$0.000043
1555,Posscoin,POSS,"
$78,376
",$0.000003
1556,SkyHub Coin,SHB,"
$77,578
",$0.205215
1557,Litecoin Plus,LCP,"
$77,230
",$0.032199
1558,Bitcoin Red,BTCRED,"
$76,058
",$0.003701
1559,ArbitrageCT,ARCT,"
$75,591
",$0.000722
1560,Mincoin,MNC,"
$74,283
",$0.013340
1561,Thunderstake,TSC,"
$74,056
",$0.000090
1562,Regalcoin,REC,"
$73,945
",$0.005777
1563,Gold Poker,GPKR,"
$73,502
",$0.021492
1564,Condensate,RAIN,"
$73,440
",$0.000080
1565,Shekel,JEW,"
$73,345
",$0.000551
1566,Innova,INN,"
$73,336
",$0.014523
1567,EthereumX,ETX,"
$72,926
",$0.000836
1568,Evil Coin,EVIL,"
$71,435
",$0.003398
1569,Billionaire T...,XBL,"
$71,095
",$0.021445
1570,Impact,IMX,"
$70,934
",$0.000641
1571,Bulleon,BUL,"
$70,198
",$0.064029
1572,InvestFeed,IFT,"
$70,046
",$0.000366
1573,Apollon,XAP,"
$69,696
",$0.000469
1574,PureVidz,VIDZ,"
$69,572
",$0.000555
1575,bitcoin2network,B2N,"
$69,164
",$0.000054
1576,ZeusNetwork,ZEUS,"
$68,846
",$9.8e-07
1577,SuperCoin,SUPER,"
$68,523
",$0.001354
1578,Monoeci,XMCC,"
$67,911
",$0.008288
1579,Digitalcoin,DGC,"
$67,321
",$0.002055
1580,Swing,SWING,"
$66,352
",$0.015617
1581,Nitro,NOX,"
$66,237
",$0.002065
1582,SONDER,SNR,"
$65,274
",$0.000387
1583,ELTCOIN,ELTCOIN,"
$64,286
",$0.000714
1584,BLOC.MONEY,BLOC,"
$64,038
",$0.006134
1585,Beacon,BECN,"
$63,679
",$0.007667
1586,Open Trading ...,OTN,"
$62,636
",$0.030939
1587,Tracto,TRCT,"
$62,490
",$0.002322
1588,Biotron,BTRN,"
$62,238
",$0.000943
1589,Paymon,PMNT,"
$62,082
",$0.000102
1590,Natmin Pure E...,NAT,"
$61,964
",$0.000633
1591,InterCrone,ICR,"
$61,449
",$0.004154
1592,Lightpaycoin,LPC,"
$60,624
",$0.010464
1593,SnodeCoin,SND,"
$59,672
",$0.002243
1594,Viuly,VIU,"
$59,215
",$0.000077
1595,VIVO,VIVO,"
$58,708
",$0.013540
1596,BritCoin,BRIT,"
$58,697
",$0.002760
1597,Onix,ONX,"
$57,994
",$0.000542
1598,Tidex Token,TDX,"
$57,445
",$0.006044
1599,APR Coin,APR,"
$57,315
",$0.007334
1600,vSlice,VSL,"
$57,270
",$0.001715
1601,Impleum,IMPL,"
$56,753
",$0.011546
1602,BTC Lite,BTCL,"
$55,665
",$0.002977
1603,Linx,LINX,"
$55,652
",$0.001535
1604,TrakInvest,TRAK,"
$55,300
",$0.000659
1605,EagleX,EGX,"
$54,529
",$0.001624
1606,Etheriya,RIYA,"
$53,788
",$0.034010
1607,Intelligent T...,ITT,"
$52,206
",$0.005319
1608,bitJob,STU,"
$51,864
",$0.000626
1609,Atomic Coin,ATOM,"
$51,666
",$0.002785
1610,Ultimate Secu...,USC,"
$51,186
",$0.004949
1611,GoldBlocks,GB,"
$50,579
",$0.003250
1612,XDNA,XDNA,"
$49,838
",$0.012629
1613,Etheera,ETA,"
$49,420
",$0.000007
1614,SteepCoin,STEEP,"
$48,946
",$0.000270
1615,Dach Coin,DACHX,"
$48,203
",$0.002616
1616,Signatum,SIGT,"
$47,658
",$0.000441
1617,CampusCoin,CC,"
$47,621
",$0.000093
1618,KWHCoin,KWH,"
$47,449
",$0.000026
1619,Zoomba,ZBA,"
$46,747
",$0.002718
1620,Bitdeal,BDL,"
$46,036
",$0.000262
1621,GuccioneCoin,GCC,"
$45,780
",$0.002257
1622,KZ Cash,KZC,"
$45,622
",$0.025748
1623,KanadeCoin,KNDC,"
$45,039
",$0.000008
1624,GenesisX,XGS,"
$45,027
",$0.005953
1625,Digital Money...,DMB,"
$44,884
",$0.000451
1626,Mero,MERO,"
$43,633
",$0.007284
1627,X-Coin,XCO,"
$43,582
",$0.003519
1628,ProxyNode,PRX,"
$43,289
",$0.000631
1629,Dragonglass,DGS,"
 $42,488
",$0.000093
1630,Coin2.1,C2,"
$42,380
",$0.000542
1631,Oceanlab,OCL,"
$42,180
",$0.000907
1632,ZINC,ZINC,"
$41,906
",$0.007681
1633,Rentoo,RENTOO,"
$41,808
",$0.000019
1634,BoostCoin,BOST,"
$41,738
",$0.003521
1635,empowr coin,EMPR,"
$41,340
",$4.7e-09
1636,Phonecoin,PHON,"
$41,140
",$0.000541
1637,Bolivarcoin,BOLI,"
$41,097
",$0.003071
1638,Cazcoin,CAZ,"
$40,944
",$0.000992
1639,Dystem,DTEM,"
$40,801
",$0.006765
1640,Zurcoin,ZUR,"
$39,770
",$0.000454
1641,CatoCoin,CATO,"
$39,769
",$0.006025
1642,LogisCoin,LGS,"
$38,811
",$0.016507
1643,BERNcash,BERN,"
$38,583
",$0.000542
1644,ConnectJob,CJT,"
$37,941
",$0.000336
1645,CommunityGene...,CGEN,"
$37,849
",$0.000090
1646,BriaCoin,BRIA,"
$37,828
",$0.050883
1647,GeyserCoin,GSR,"
$37,614
",$0.035108
1648,ZoZoCoin,ZZC,"
$37,399
",$0.019213
1649,VoteCoin,VOT,"
$36,959
",$0.000645
1650,Orbis Token,OBT,"
$36,866
",$0.001923
1651,Cryptojacks,CJ,"
$36,702
",$0.000090
1652,Blakecoin,BLC,"
$36,301
",$0.001625
1653,AmsterdamCoin,AMS,"
$36,254
",$0.000722
1654,Ethereum Gold,ETG,"
$36,056
",$0.003005
1655,Dreamcoin,DRM,"
 $35,858
",$0.014119
1656,Carebit,CARE,"
$35,017
",$0.000271
1657,Earth Token,EARTH,"
$34,962
",$0.000170
1658,Datacoin,DTC,"
$34,952
",$0.000934
1659,Joincoin,J,"
$34,384
",$0.010395
1660,WELL,WELL,"
$34,336
",$0.000381
1661,Rupaya,RUPX,"
$34,086
",$0.000779
1662,BOAT,BOAT,"
$33,978
",$0.000467
1663,Castle,CSTL,"
$33,377
",$0.002436
1664,Bitsum,BSM,"
$33,064
",$0.000023
1665,Minereum,MNE,"
$33,054
",$0.005416
1666,Bolenum,BLN,"
$32,248
",$0.000001
1667,YENTEN,YTN,"
$31,590
",$0.001533
1668,Arepacoin,AREPA,"
$31,242
",$0.001939
1669,Desire,DSR,"
$31,089
",$0.003737
1670,Blocknode,BND,"
$30,975
",$0.000187
1671,Authorship,ATS,"
$30,785
",$0.000308
1672,Renos,RNS,"
$30,548
",$0.000916
1673,BitCoen,BEN,"
$30,315
",$0.004331
1674,Safe Trade Coin,XSTC,"
$30,153
",$0.000092
1675,SmartCoin,SMC,"
$30,153
",$0.001187
1676,Jin Coin,JIN,"
$30,104
",$0.003022
1677,PluraCoin,PLURA,"
$29,877
",$0.000090
1678,Traid,TRAID,"
$29,739
",$0.001804
1679,Constant,CONST,"
$28,947
",$0.570879
1680,ICOBay,IBT,"
$28,882
",$0.000045
1681,Bitcoin 21,XBTC21,"
$28,638
",$0.036109
1682,StellarPay,XLB,"
$28,455
",$0.008309
1683,BunnyToken,BUNNY,"
$28,414
",$0.000145
1684,Escroco Emerald,ESCE,"
$28,167
",$0.000045
1685,Peerguess,GUESS,"
$28,108
",$0.000464
1686,IrishCoin,IRL,"
$27,686
",$0.000705
1687,Centurion,CNT,"
$27,457
",$0.000354
1688,TravelNote,TVNT,"
$27,455
",$0.012750
1689,PostCoin,POST,"
$27,217
",$0.001715
1690,Olympic,OLMP,"
$27,003
",$0.000271
1691,Cheesecoin,CHEESE,"
$26,786
",$0.000081
1692,Arion,ARION,"
$26,656
",$0.002526
1693,Acoin,ACOIN,"
$26,385
",$0.021625
1694,Bitcoin W Spe...,BWS,"
$26,002
",$0.000451
1695,Quebecoin,QBC,"
$25,740
",$0.001651
1696,Crystal Clear ,CCT,"
$25,612
",$0.004722
1697,Digiwage,WAGE,"
$25,606
",$0.000544
1698,Phantomx,PNX,"
$25,404
",$0.000603
1699,Shivers,SHVR,"
$25,265
",$0.000464
1700,Eternity,ENT,"
$25,188
",$0.004423
1701,PrimeStone,PSC,"
$25,067
",$0.001507
1702,BitCoin One,BTCONE,"
$24,109
",$0.000323
1703,Garlicoin,GRLC,"
$23,792
",$0.001892
1704,Californium,CF,"
$23,577
",$0.009635
1705,Titcoin,TIT,"
$23,487
",$0.000363
1706,AdultChain,XXX,"
$23,307
",$0.000467
1707,NevaCoin,NEVA,"
$23,019
",$0.005868
1708,AceD,ACED,"
$22,769
",$0.009669
1709,Agrolot,AGLT,"
$22,358
",$0.001626
1710,KingN Coin,KNC,"
$22,309
",$11.10
1711,Nyerium,NYEX,"
$21,805
",$0.000992
1712,CyberMusic,CYMT,"
$21,575
",$0.000002
1713,ParkByte,PKB,"
$21,422
",$0.004497
1714,Honey,HONEY,"
$21,289
",$0.046690
1715,Qurito,QURO,"
$21,131
",$0.002030
1716,Project Coin,PRJ,"
$21,081
",$0.000647
1717,FuzzBalls,FUZZ,"
$20,964
",$0.004340
1718,Gossipcoin,GOSS,"
$20,891
",$0.001173
1719,Virtacoin,VTA,"
$20,777
",$0.000004
1720,Master Swiscoin,MSCN,"
$20,376
",$0.000451
1721,PAWS Fund,PAWS,"
$20,251
",$0.108131
1722,MojoCoin,MOJO,"
$19,948
",$0.001625
1723,Zayedcoin,ZYD,"
$19,324
",$0.003095
1724,Cashcoin,CASH,"
$19,289
",$0.000361
1725,SecureCoin,SRC,"
$19,204
",$0.001863
1726,BumbaCoin,BUMBA,"
$19,110
",$0.000819
1727,Litecred,LTCR,"
$19,101
",$0.000632
1728,MustangCoin,MST,"
$18,948
",$0.030060
1729,EVOS,EVOS,"
$18,631
",$0.002075
1730,Elysium,ELS,"
$18,550
",$0.001307
1731,Eurocoin,EUC,"
$18,062
",$0.001455
1732,BigUp,BIGUP,"
$17,783
",$0.000008
1733,TajCoin,TAJ,"
$17,575
",$0.001444
1734,GambleCoin,GMCN,"
$17,476
",$0.001961
1735,Grimcoin,GRIM,"
$17,448
",$0.000180
1736,MASTERNET,MASH,"
$17,345
",$0.000547
1737,Dollarcoin,DLC,"
$17,264
",$0.001896
1738,SecretCoin,SCRT,"
$16,796
",$0.003972
1739,PAXEX,PAXEX,"
$16,761
",$0.000954
1740,CryptoFlow,CFL,"
$16,602
",$0.000180
1741,Sola Token,SOL,"
$16,519
",$0.000571
1742,Italo,XTA,"
$16,053
",$0.006433
1743,Bitcoin X,BTX,"
$15,748
",$0.005498
1744,Pure,PUREX,"
$15,439
",$0.000870
1745,CoinonatX,XCXT,"
$15,210
",$0.000778
1746,PyrexCoin,PYX,"
$15,112
",$0.001263
1747,BitMoney,BIT,"
$14,882
",$0.000180
1748,Citadel,CTL,"
$14,853
",$0.001354
1749,YoloCash,YLC,"
$14,612
",$0.000495
1750,Luna Coin,LUNA,"
$14,124
",$0.008277
1751,Zealium,NZL,"
$14,063
",$0.001624
1752,Bitcoin Adult,BTAD,"
$14,059
",$0.000446
1753,SONO,SONO,"
$14,047
",$0.007673
1754,Prime-XI,PXI,"
$13,859
",$0.000632
1755,CustomContrac...,CCN,"
$13,486
",$0.000026
1756,Trident Group,TRDT,"
$13,331
",$0.010990
1757,iBTC,IBTC,"
$13,193
",$0.000452
1758,Ccore,CCO,"
$13,181
",$0.007753
1759,JavaScript Token,JS,"
$12,976
",$0.001624
1760,Fintab,FNTB,"
$12,290
",$0.004422
1761,BZLCOIN,BZL,"
$12,183
",$0.005717
1762,Independent M...,IMS,"
$12,007
",$0.002236
1763,PosEx,PEX,"
$11,959
",$0.004875
1764,High Voltage,HVCO,"
$11,405
",$0.007633
1765,GreenMed,GRMD,"
$11,280
",$0.000757
1766,Qbic,QBIC,"
$11,242
",$0.002400
1767,Printex,PRTX,"
$11,213
",$0.000374
1768,BenjiRolls,BENJI,"
$11,192
",$0.000552
1769,Neuro,NRO,"
$11,009
",$0.000185
1770,BrokerNekoNet...,BNN,"
$10,596
",$0.000004
1771,FLiK,FLIK,"
$10,202
",$0.000170
1772,Eryllium,ERY,"
$10,010
",$0.000733
1773,UltraCoin,UTC,"
$9,896
",$0.000207
1774,Bitspace,BSX,"
$9,861
",$0.000722
1775,ICOBID,ICOB,"
$9,798
",$0.000092
1776,Mirai,MRI,"
$9,597
",$0.002796
1777,Azart,AZART,"
$9,351
",$0.002255
1778,LRM Coin,LRM,"
$9,327
",$0.001263
1779,Rhenium,XRH,"
$9,173
",$0.000271
1780,Theresa May Coin,MAY,"
$9,158
",$0.000092
1781,LitecoinToken,LTK,"
$8,899
",$9.5e-08
1782,BowsCoin,BSC,"
$8,877
",$0.001599
1783,Iconic,ICON,"
$8,670
",$0.014624
1784,SpeedCash,SCS,"
$8,561
",$0.014895
1785,Dalecoin,DALC,"
$8,370
",$0.012728
1786,LiteCoin Ultra,LTCU,"
$8,193
",$0.007944
1787,FolmCoin,FLM,"
$8,120
",$0.000840
1788,UralsCoin,URALS,"
$8,112
",$0.000594
1789,Sharpe Platfo...,SHP,"
$8,007
",$0.000460
1790,ARbit,ARB,"
$7,821
",$0.000722
1791,MiloCoin,MILO,"
$7,768
",$0.000720
1792,Veltor,VLT,"
$7,635
",$0.013760
1793,INDINODE,XIND,"
$7,497
",$0.000009
1794,Blacer Coin,BLCR,"
$7,490
",$0.045599
1795,Comet,CMT,"
$7,328
",$0.008395
1796,Graphcoin,GRPH,"
$7,304
",$0.000934
1797,Ammo Reloaded,AMMO,"
$7,047
",$0.000091
1798,Bitcoin Planet,BTPL,"
$6,757
",$0.000993
1799,Cabbage,CAB,"
$6,730
",$0.000641
1800,PlayerCoin,PLACO,"
$6,559
",$0.000187
1801,Levocoin,LEVO,"
$6,463
",$0.000236
1802,Bankcoin,B@,"
$6,458
",$0.000628
1803,EZOOW,EZW,"
$6,089
",$5.3e-07
1804,VectorAI,VEC2,"
$6,054
",$0.000329
1805,Wild Beast Block,WBB,"
$6,027
",$0.033130
1806,SongCoin,SONG,"
$5,879
 ",$0.000181
1807,LiteBitcoin,LBTC,"
$5,788
",$0.000200
1808,iBank,IBANK,"
$5,720
",$0.001264
1809,SocialCoin,SOCC,"
$5,693
",$0.000541
1810,Nekonium,NUKO,"
$5,413
",$0.000451
1811,PLNcoin,PLNC,"
$4,642
",$0.000272
1812,Cannation,CNNC,"
$4,635
",$0.001871
1813,Bitvolt,VOLT,"
$4,492
",$0.000271
1814,ACRE,ACRE,"
$3,274
",$0.000747
1815,IceChain,ICHX,"
$3,223
",$0.000005
1816,Peony,PNY,"
$3,186
",$0.007216
1817,CrevaCoin,CREVA,"
$3,141
",$0.000086
1818,ROIyal Coin,ROCO,"
$2,736
",$0.003608
1819,SpectrumNetwork,SPEC,"
$2,653
",$0.000003
1820,Ourcoin,OUR,"
$2,540
",$0.004112
1821,Concoin,CONX,"
$2,284
",$0.003069
1822,Magnum,MGM,"
$2,101
",$0.000467
1823,PonziCoin,PONZI,"
$2,021
",$0.002347
1824,BROTHER,BRAT,"
$1,978
",$0.000012
1825,Xchange,XCG,"
$1,760
",$0.000180
1826,BitCoal,COAL,"
$1,625
",$0.000361
1827,Coinonat,CXT,"
$1,581
",$0.000183
1828,Project-X,NANOX,"
$1,427
",$18234.82
1829,AnarchistsPrime,ACP,"
$1,218
",$0.000277
1830,Argus,ARGUS,"
$1,140
",$0.000993
1831,Save and Gain,SANDG,"
$1,107
",$0.000361
1832,Staker,STR,"
$1,037
",$0.000722
1833,Rocketcoin,ROCK,"
$1,033
",$0.000008
1834,dietbitcoin,DDX,"
$993
",$0.000340
1835,CoinToGo,2GO,"
$836
",$0.000090
1836,Benz,BENZ,"
$754
",$0.000127
1837,Jiyo [OLD],JIYO,"
$725
",$0.000119
1838,Interzone,ITZ,"
$496
",$0.000187
1839,SmartFox,FOX,"
$289
",$0.000187
1840,MFIT COIN,MFIT,"
$241
",$0.000123
1841,Coimatic 3.0,CTIC3,"
$206
",$0.000091
1842,CJs,CJS,"
$56
",$0.032443
1843,HarmonyCoin,HMC,"
$51
",$0.000090
1844,SHADE Token,SHADE,"
$34
",$6.9e-07
1845,OKB,OKB,"
?
",$1.63
1846,ZB,ZB,"
?
",$0.334417
1847,Harmony,ONE,"
?
",$0.023185
1848,TigerCash,TCH,"
?
",$0.035232
1849,Fatcoin,FAT,"
?
",$0.027631
1850,Carry,CRE,"
?
",$0.039390
1851,DigiFinexToken,DFT,"
?
",$0.345758
1852,Blockcloud,BLOC,"
?
",$0.020619
1853,Aidos Kuneen,ADK,"
?
",$4.58
1854,Reserve Rights,RSR,"
?
",$0.002743
1855,BitMax Token,BTMX,"
?
",$0.104257
1856,UNUS SED LEO,LEO,"
?
",$1.87
1857,Karatgold Coin,KBC,"
?
",$0.089245
1858,V-Dimension,VOLLAR,"
?
",$2.96
1859,DIPNET,DPN,"
?
",$0.000820
1860,Filecoin [Fut...,FIL,"
?
",$4.73
1861,BUMO,BU,"
?
",$0.034966
1862,Ontology Gas,ONG,"
?
",$0.425403
1863,COTI,COTI,"
?
",$0.078236
1864,WinToken,WIN,"
?
",$0.001076
1865,Molecular Future,MOF,"
?
",$0.090706
1866,Jewel,JWL,"
?
",$2.40
1867,Baer Chain,BRC,"
?
",$8.59
1868,B91,B91,"
?
",$0.424923
1869,Coni,CONI,"
?
",$0.031897
1870,V Systems,VSYS,"
?
",$0.128974
1871,Super Bitcoin,SBTC,"
?
 ",$3.58
1872,FOIN,FOIN,"
?
",$1689.02
1873,FairGame,FAIR,"
?
",$0.003407
1874,GlitzKoin,GTN,"
?
",$0.253155
1875,QuickX Protocol,QCX,"
?
",$0.083633
1876,DREP,DREP,"
?
",$0.002948
1877,Huobi Pool Token,HPT,"
?
",$0.010732
1878,ShineChain,SHE,"
?
",$0.003817
1879,OceanEx Token,OCE,"
?
",$0.007094
1880,DUO Network T...,DUO,"
?
",$0.378222
1881,MINDOL,MIN,"
?
",$0.843041
1882,Influence Chain,INC,"
?
",$0.044714
1883,StarChain,STC,"
?
",$0.004621
1884,YOU COIN,YOU,"
?
",$0.023406
1885,WHEN Token,WHEN,"
?
",$0.031236
1886,Mindexcoin,MIC,"
?
",$0.051498
1887,Origo,OGO,"
?
",$0.062412
1888,BitcoinHD,BHD,"
?
",$32.28
1889,Atlas Protocol,ATP,"
?
",$0.026443
1890,Bitcoin BEP2,BTCB,"
?
",$9011.40
1891,Big Bang Game...,BBGC,"
?
",$0.027415
1892,STPT,STPT,"
?
",$0.028970
1893,Chromia,CHR,"
?
",$0.077787
1894,NNB Token,NNB,"
?
",$0.002265
1895,W Green Pay,WGP,"
?
",$0.434503
1896,Trias,TRY,"
?
",$0.008771
1897,SoPay,SOP,"
?
",$0.002830
1898,Alphacon,ALP,"
?
",$0.009446
1899,Tratok,TRAT,"
?
",$0.000652
1900,Smartup,SMARTUP,"
?
",$0.005664
1901,MyToken,MT,"
?
",$0.003086
1902,TopChain,TOPC,"
?
",$0.008642
1903,UnlimitedIP,UIP,"
?
",$0.016412
1904,CoinEx Token,CET,"
?
",$0.019908
1905,AXE,AXE,"
?
",$0.386240
1906,ELA Coin,ELAC,"
?
",$0.038115
1907,LightChain,LIGHT,"
?
",$0.000029
1908,CARAT,CARAT,"
 ?
",$0.709532
1909,Exchange Union,XUC,"
?
",$2.44
1910,FNB Protocol,FNB,"
?
",$0.219196
1911,T.OS,TOSC,"
?
",$0.012899
1912,Yuan Chain Coin,YCC,"
?
",$0.008592
1913,Muzika,MZK,"
?
",$0.013562
1914,VeThor Token,VTHO,"
?
",$0.000995
1915,Valor Token,VALOR,"
?
",$3.59
1916,ZEON,ZEON,"
?
",$0.000511
1917,BeeKan,BKBT,"
?
",$0.000917
1918,BitUP Token,BUT,"
?
",$0.007290
1919,Bilaxy Token,BIA,"
?
",$0.009141
1920,ThingsOperati...,TOS,"
?
",$0.004843
1921,HitChain,HIT,"
?
",$0.000127
1922,Themis,GET,"
?
",$0.018173
1923,InvestDigital,IDT,"
?
",$0.039836
1924,USDCoin,USC,"
?
",$1.00
1925,EduCoin,EDU,"
?
",$0.000327
1926,CNNS,CNNS,"
?
",$0.007632
1927,Safe,SAFE,"
?
",$1.78
1928,KEY,KEY,"
?
",$0.002475
1929,KNOW,KNOW,"
?
",$0.004399
1930,PalletOne,PTN,"
?
",$0.007870
1931,Promotion Coin,PC,"
?
",$0.000414
1932,Ti-Value,TV,"
?
",$0.037058
1933,Consentium,CSM,"
?
",$0.454275
1934,WEBN token,WEBN,"
?
",$0.000016
1935,Show,SHOW,"
?
",$0.001369
1936,WETH,WETH,"
?
",$237.08
1937,ETERNAL TOKEN,XET,"
?
",$2.39
1938,BQT,BQTX,"
?
",$1.29
1939,FuturoCoin,FTO,"
?
",$1.31
1940,Diruna,DRA,"
?
",$0.005976
1941,CoinMeet,MEET,"
?
",$0.008528
1942,CHEX,CHEX,"
?
",$0.010445
1943,InnovaMinex,MINX,"
?
",$0.325879
1944,CarBlock,CAR,"
?
 ",$0.001771
1945,IOTW,IOTW,"
?
",$0.009111
1946,YouLive Coin,UC,"
?
",$0.000450
1947,Infinitus Token,INF,"
?
",$0.528878
1948,Tarush,TAS,"
?
",$0.000812
1949,IOU,IOUX,"
?
",$0.282099
1950,BlockCDN,BCDN,"
?
",$0.013645
1951,Coineal Token,NEAL,"
?
",$0.008874
1952,M2O,M2O,"
?
",$0.000649
1953,United Bitcoin,UBTC,"
?
",$2.28
1954,Sparkster,SPRK,"
?
",$0.006369
1955,Bitsdaq,BQQQ,"
?
",$0.010391
1956,Zerobank,ZB,"
?
",$0.030978
1957,Asian Fintech,AFIN,"
?
",$0.040551
1958,Moving Cloud ...,MCC,"
?
",$0.009961
1959,BUDDY,BUD,"
?
",$0.000065
1960,PATHHIVE ,PHV,"
?
",$0.024308
1961,Agoras Tokens,AGRS,"
?
",$0.546864
1962,Game Stars,GST,"
?
",$0.000451
1963,RSK Smart Bit...,RBTC,"
?
",$9034.92
1964,Usechain Token,USE,"
?
",$0.002057
1965,Flexacoin,FXC,"
?
",$0.004573
1966,EOSDT,EOSDT,"
?
",$0.980805
1967,The Midas Tou...,TMTG,"
?
",$0.002249
1968,IZIChain,IZI,"
?
",$0.075944
1969,Sparkle,SPRKL,"
?
",$0.032289
1970,Cybereits,CRE,"
?
",$0.002794
1971,Lucky Block N...,LBN,"
?
",$0.018041
1972,Maggie,MAG,"
?
",$0.000722
1973,RedFOX Labs,RFOX,"
?
",$0.056065
1974,MSD,MSD,"
?
",$0.005411
1975,OFCOIN,OF,"
?
",$0.000178
1976,bitCEO,BCEO,"
?
",$0.196424
1977,USDQ,USDQ,"
?
",$0.991572
1978,Blockchain Qu...,BQT,"
?
",$0.019027
1979,Engine,EGCC,"
?
",$0.000694
1980,DACC,DACC,"
?
",$0.000163
1981,Volt,ACDC,"
?
",$0.000280
1982,Celsius,CEL,"
?
",$0.084686
1983,InsurChain,INSUR,"
?
",$0.000215
1984,BORA,BORA,"
?
",$0.059828
1985,Intelligent I...,IIC,"
?
",$0.000324
1986,Endorsit,EDS,"
?
",$0.000173
1987,Almeela,KZE,"
?
",$0.092697
1988,COMSA [XEM],CMS,"
?
",$0.177870
1989,GreenPower,GRN,"
?
",$0.012826
1990,ThoreNext,THX,"
?
",$8.60
1991,MEX,MEX,"
?
",$0.001245
1992,BitcoinX,BCX,"
?
",$0.003643
1993,FundToken,FUNDZ,"
?
",$0.007310
1994,Qube,QUBE,"
?
",$0.000924
1995,Master Contra...,MCT,"
?
",$0.000921
1996,Sport and Lei...,SNL,"
?
",$0.014582
1997,Social Lendin...,SLT,"
?
",$0.003554
1998,LemoChain,LEMO,"
?
",$0.007147
1999,Pixie Coin,PXC,"
?
",$0.000664
2000,Bankera,BNK,"
?
",$0.002609
2001,Electronic En...,E2C,"
?
",$0.094594
2002,COMSA [ETH],CMS,"
?
",$0.174783
2003,DWS,DWS,"
?
",$0.001689
2004,Aunite,AUNIT,"
?
",$0.042915
2005,Ubique Chain ...,UCT,"
?
",$0.014871
2006,Read,READ,"
?
",$0.002634
2007,Marginless,MRS,"
?
",$0.000594
2008,Bitex Global ...,XBX,"
?
",$0.031754
2009,CryptalDash,CRD,"
?
",$0.003184
2010,KingXChain,KXC,"
?
",$0.000002
2011,Atlas Token,ATLS,"
?
",$0.043279
2012,Infinity Econ...,XIN,"
?
",$0.002594
2013,MediBit,MEDIBIT,"
?
",$0.000013
2014,SEER,SEER,"
?
",$0.000607
2015,GSENetwork,GSE,"
?
",$0.000308
2016,BlockStamp,BST,"
?
",$1.08
2017,Livepeer,LPT,"
?
",$6.83
2018,Commerce Data...,CDC,"
?
",$0.000417
2019,Globalvillage...,GVE,"
?
",$0.000640
2020,Bitcoin File,BIFI,"
?
",$0.006109
2021,Bitcoin Rhodium,XRC,"
?
",$27.06
2022,Esports Token,EST,"
?
",$0.001710
2023,ALLUVA,ALV,"
?
",$0.006443
2024,Bitcoin 2,BTC2,"
?
",$1.60
2025,CENTERCOIN,CENT,"
?
",$0.003233
2026,WPP TOKEN,WPP,"
?
",$0.000974
2027,Experience Token,EXT,"
?
",$0.000054
2028,TCASH,TCASH,"
?
",$0.023072
2029,NewsToken,NEWOS,"
?
",$0.001052
2030,Emanate,EMT,"
?
",$0.045441
2031,MicroBitcoin,MBC,"
?
",$0.000080
2032,Helper Search...,HSN,"
?
",$0.000002
2033,Xtock,XTX,"
?
",$0.000825
2034,Carlive Chain,IOV,"
?
",$0.000498
2035,Monero Classic,XMC,"
?
",$0.833760
2036,HOT Token,HOT,"
?
",$0.008573
2037,HoryouToken,HYT,"
?
",$0.007962
2038,vSportCoin,VSC,"
?
",$0.001349
2039,MESSE TOKEN,MESSE,"
?
",$0.016102
2040,VENJOCOIN,VJC,"
?
",$7.76
2041,Hdac,HDAC,"
?
",$0.033997
2042,TouchCon,TOC,"
?
",$0.001840
2043,OTCBTC Token,OTB,"
?
",$0.024167
2044,Candy,CANDY,"
?
",$0.000029
2045,Dragon Coins,DRG,"
?
",$0.043251
2046,GAMB,GMB,"
?
",$0.000240
2047,Atomic Wallet...,AWC,"
?
",$0.139678
2048,Mobile Crypto...,MCPC,"
?
",$0.018809
2049,Bitcoin CZ,BCZ,"
?
",$0.207470
2050,OceanChain,OC,"
?
",$0.000272
2051,Aryacoin,AYA,"
?
",$0.007035
2052,Klimatas,KTS,"
?
",$0.348998
2053,Beldex,BDX,"
?
",$0.059525
2054,Bitcoin God,GOD,"
?
",$16.94
2055,Jingtum Tech,SWTC,"
?
",$0.001071
2056,Gosama,GOS,"
?
",$0.399891
2057,SDUSD,SDUSD,"
?
",$0.940922
2058,Airline & Lif...,ALLN,"
?
",$0.568905
2059,BitCash,BITC,"
?
",$0.075411
2060,Wrapped Bitcoin,WBTC,"
?
",$7907.13
2061,Infinitecoin,IFC,"
?
",$0.000018
2062,ORS Group,ORS,"
?
",$0.019922
2063,WIZBL,WBL,"
?
",$0.002436
2064,Merebel,MERI,"
?
",$0.311385
2065,Asura Coin,ASA,"
?
",$0.000277
2066,GNY,GNY,"
?
",$0.122186
2067,P2P Global Ne...,P2PX,"
?
",$0.000709
2068,StockChain,SCC,"
?
",$0.000596
2069,SealBlock Token,SKT,"
?
",$0.000453
2070,Netrum,NTR,"
?
",$7.86
2071,SegWit2x,B2X,"
?
",$2.3e-07
2072,MenaPay,MPAY,"
?
",$0.045102
2073,Elliot Coin,ELLI,"
?
",$0.000749
2074,Countinghouse,CHT,"
?
",$1.12
2075,Hyper Pay,HPY,"
?
",$0.003201
2076,PlusOneCoin,PLUS1,"
?
",$0.033290
2077,Lendroid Supp...,LST,"
?
",$0.000489
2078,LevelApp Token,LVL,"
?
",$0.001082
2079,DEXON,DXN,"
?
",$0.175588
2080,XTRD,XTRD,"
?
",$0.000771
2081,ClubCoin,CLUB,"
?
",$0.179098
2082,SuperEdge,ECT,"
?
",$0.000079
2083,Hybrid Block,HYB,"
?
",$0.001995
2084,Storjcoin X,SJCX,"
?
",$0.165971
2085,Webflix Token,WFX,"
?
",$0.001506
2086,BZEdge,BZE,"
?
",$0.000177
2087,Wiki Token,WIKI,"
?
",$1.00
2088,Fast Access B...,FAB,"
?
",$0.084334
2089,Coindom,CCC,"
?
",$0.005967
2090,Jinbi Token,JNB,"
?
",$14.01
2091,CEDEX Coin,CEDEX,"
?
",$0.021690
2092,TAGZ,TAGZ,"
?
",$0.006367
2093,PlayCoin [QRC20],PLY,"
?
",$0.019343
2094,GoldFund,GFUN,"
?
",$0.000762
2095,Superior Coin,SUP,"
?
",$0.000090
2096,RoboCalls,RC20,"
?
",$0.000313
2097,Animation Vis...,AVH,"
?
",$0.000271
2098,Ordocoin,RDC,"
?
",$0.000003
2099,CapdaxToken,XCD,"
?
",$0.001026
2100,StakeCubeCoin,SCC,"
?
",$0.118799
2101,Elitium,EUM,"
?
",$0.902944
2102,Eva Cash,EVC,"
?
",$0.029901
2103,Rocket Pool,RPL,"
?
",$0.653588
2104,Golos Gold,GBG,"
?
",$0.010224
2105,Tronipay,TRP,"
?
",$0.004029
2106,RRCoin,RRC,"
?
",$0.002962
2107,TerraNova,TER,"
?
",$0.070773
2108,GOLD Reward T...,GRX,"
?
",$0.001894
2109,GameChain System,GCS,"
?
",$0.000791
2110,Civitas,CIV,"
?
",$0.004240
2111,EncryptoTel [...,ETT,"
?
",$0.009569
2112,First Bitcoin,BIT,"
?
",$0.007402
2113,Bidooh DOOH T...,DOOH,"
?
",$0.000024
2114,Tratin,TRAT,"
?
",$0.002273
2115,Matrexcoin,MAC,"
?
",$0.037886
2116,One DEX,ODEX,"
?
",$6.3e-07
2117,WXCOINS,WXC,"
?
",$0.007282
2118,Sexcoin,SXC,"
?
",$0.010103
2119,WINCOIN,WC,"
 ?
",$0.023453
2120,Hero,HERO,"
?
",$0.052456
2121,GoldenFever,GFR,"
?
",$1.40
2122,MoneroV ,XMV,"
?
",$0.016704
2123,eosBLACK,BLACK,"
?
",$0.004549
2124,MobilinkToken,MOLK,"
?
",$0.002142
2125,SpectrumCash,XSM,"
?
",$0.000180
2126,BiNGO.Fun,777,"
?
",$0.000529
2127,Content and A...,CAN,"
?
",$0.000659
2128,RabbitCoin,RBBT,"
?
",$0.000003
2129,ShopZcoin,SZC,"
?
",$0.000362
2130,Zenon,ZNN,"
?
",$1.27
2131,NAM COIN,NAM,"
?
",$0.000165
2132,CARDbuyers,BCARD,"
?
",$0.000180
2133,Budbo,BUBO,"
?
",$0.001571
2134,Bubble,BUB,"
?
",$0.009388
2135,BingoCoin,BOC,"
?
",$0.003953
2136,Aces,ACES,"
?
",$0.000090
2137,BlazerCoin,BLAZR,"
?
",$0.000181
2138,Infinipay,IFP,"
?
",$0.000442
2139,BTCMoon,BTCM,"
?
",$0.001443
2140,Ethereum Lite,ELITE,"
?
",$0.081815
2141,SaveNode,SNO,"
?
",$0.000451
2142,Crypto Improv...,CIF,"
?
",$0.000180
2143,PROUD Money,PROUD,"
?
",$0.011916
2144,BIZKEY,BZKY,"
?
",$0.000733
2145,Centaure,CEN,"
?
",$0.000090
2146,EmberCoin,EMB,"
?
",$2.8e-08
2147,HondaisCoin,HNDC,"
?
",$0.000009
2148,Quotient,XQN,"
?
",$0.000722
2149,Axiom,AXIOM,"
?
",$0.005561
2150,AvatarCoin,AV,"
?
",$0.096290
2151,Francs,FRN,"
?
",$0.003257
2152,Tellurion,TELL,"
?
",$0.000082
2153,Wink,WINK,"
?
",$0.000179
2154,ValueChain,VLC,"
?
",$0.004480
2155,SnipCoin,SNIP,"
?
",$0.000560
2156,ContractNet,CNET,"
?
",$0.003274
2157,SalPay,SAL,"
?
",$0.009512
2158,WeToken,WT,"
?
",$0.000936
2159,Ultra Salescloud,UST,"
?
",$0.000886
2160,MEET.ONE,MEETONE,"
?
",$0.003375
2161,Pecunio,PCO,"
?
",$0.049403
2162,Twinkle,TKT,"
?
",$0.004891
2163,Smart Applica...,SAC,"
?
",$0.038500
2164,Alttex,ALTX,"
?
",$0.000162
2165,GazeCoin,GZE,"
?
",$0.008181
2166,Digital Asset...,DAXT,"
?
",$0.002544
2167,TCOIN,TCN,"
?
",$0.009232
2168,CMITCOIN,CMIT,"
?
",$0.000016
2169,GIGA,XG,"
?
",$0.000093
2170,Future1coin,F1C,"
?
",$0.000809
2171,Cobrabytes,COBRA,"
?
",$0.000090
2172,EmaratCoin,AEC,"
?
",$0.007087
2173,ZTCoin,ZT,"
?
",$0.058399
2174,OmenCoin,OMEN,"
?
",$0.000008
2175,Valuto,VLU,"
?
",$0.002075
2176,APOT,APOT,"
?
",$0.009476
2177,ROMToken,ROM,"
?
",$0.000266
2178,TOKOK,TOK,"
?
",$0.012729
2179,Gamblica,GMBC,"
?
",$0.001368
2180,Boltt Coin ,BOLTT,"
?
",$3.50
2181,BuckHathCoin,BHIG,"
?
",$0.119207
2182,Dexter G,DXG,"
?
",$0.018735
2183,UTEMIS,UTS,"
?
",$0.000238
2184,CONUN,CON,"
?
",$0.021460
2185,BitStash,STASH,"
?
",$0.000032
2186,Hellenic Node,HN,"
?
",$0.001240
2187,Toqqn,TQN,"
?
",$0.000180
2188,BetaCoin,BET,"
?
",$0.003791
2189,DynamicCoin,DMC,"
?
",$0.000091
2190,Pabyosi Coin ...,PCS,"
?
",$0.009618
2191,Fargocoin,FRGC,"
?
",$0.017000
2192,Halloween Coin,HALLO,"
?
",$0.000033
2193,Birds,BIRDS,"
?
",$0.000090
2194,ERA,ERA,"
?
",$0.000467
2195,Minex,MINEX,"
?
",$0.006727
2196,SIGMAcoin,SIGMA,"
?
",$0.001643
2197,iQuant,IQT,"
?
",$0.004117
2198,Bastonet,BSN,"
?
",$0.000003
2199,Dutch Coin,DUTCH,"
?
",$0.000071
2200,Runners,RUNNERS,"
?
",$0.000093
2201,ACChain,ACC,"
?
",$0.012727
2202,CK USD,CKUSD,"
?
",$0.539317
2203,Cropcoin,CROP,"
?
",$0.000092
2204,FToken,FT,"
?
",$0.185749
2205,Haracoin,HRC,"
?
",$0.000654
2206,Excaliburcoin,EXC,"
?
",$0.000009
2207,EscrowCoin,ESCO,"
?
",$0.007289
2208,Atlantis Blue...,ABDT,"
?
",$0.913307
2209,PayDay Coin,PDX,"
?
",$0.000187
2210,Obitan Chain,OBTC,"
?
",$0.000041
2211,VeriDocGlobal,VDG,"
?
",$0.001019
2212,YUKI,YUKI,"
?
",$0.000023
2213,CottonCoin,COTN,"
?
",$0.003082
2214,ABCC Token,AT,"
?
",$0.055392
2215,Coin2Play,C2P,"
?
",$0.001113
2216,CariNet,CIT,"
?
",$0.003008
2217,Concierge Coin,CCC,"
?
",$0.000589
2218,ALLCOIN,ALC,"
?
",$0.002703
2219,Crypto Harbor...,CHE,"
?
",$0.000093
2220,Labh Coin,LABH,"
?
",$0.000058
2221,X12 Coin,X12,"
?
",$0.003082
2222,Pandemia,PNDM,"
 ?
",$0.000008
2223,Dragon Token,DT,"
?
",$3.60
2224,Delizia,DELIZ,"
?
",$0.000167
2225,DarkPayCoin,DKPC,"
?
",$0.007250
2226,Bgogo Token,BGG,"
?
",$0.002161
2227,Hercules,HERC,"
?
",$0.016295
2228,DEXTER,DXR,"
?
",$11.88
2229,QUSD,QUSD,"
?
",$0.100142
2230,1X2 COIN,1X2,"
?
",$0.162099
2231,Cryptoinvest,CTT,"
?
",$0.001131
2232,Solareum,SLRM,"
?
",$5.16
2233,OOOBTC TOKEN,OBX,"
?
",$0.006749
2234,Locus Chain,LOCUS,"
?
",$0.018985
2235,Decimated,DIO,"
?
",$0.012004
2236,pEOS,PEOS,"
?
",$0.066584
2237,Hilux,HLX,"
?
",$0.014386
2238,Stellar Gold,XLMG,"
?
",$0.008425
2239,Gratz,GRAT,"
?
",$0.003233
2240,TRUNK COIN,TRO,"
?
",$0.005912
2241,Krios,KRI,"
?
",$0.032992
